	coll	measure	mfw	Cluster Errors	Adjusted Rand Index	Homogeneity	Completeness	V Measure	Purity	Entropy
ELTeC-fra_cosine-d_0010	ELTeC-fra	cosine-d	0010	7.0	0.47570621468926555	0.7831616673893365	0.8081404078706297	0.7954549914217452	0.7333333333333333	0.2168383326106635
ELTeC-fra_burrows-d_0010	ELTeC-fra	burrows-d	0010	8.0	0.4185089974293059	0.7341882561471547	0.7872390767145411	0.7597887489201379	0.7333333333333333	0.2658117438528449
ELTeC-fra_eders-d_0010	ELTeC-fra	eders-d	0010	12.0	0.2790960451977401	0.6739822570143584	0.6963851032790844	0.6850005586220473	0.6	0.3260177429856411
ELTeC-fra_cosine-d_0020	ELTeC-fra	cosine-d	0020	6.0	0.5314763231197771	0.8118072098848426	0.8368342686440507	0.8241307787186596	0.8	0.18819279011515744
ELTeC-fra_burrows-d_0020	ELTeC-fra	burrows-d	0020	7.0	0.41858190709046456	0.7344474585162317	0.8046075586183463	0.767928332582176	0.7	0.26555254148376833
ELTeC-fra_eders-d_0020	ELTeC-fra	eders-d	0020	6.0	0.499492385786802	0.7853975027251154	0.8390024858614233	0.8113155156435422	0.7333333333333333	0.21460249727488445
ELTeC-fra_cosine-d_0030	ELTeC-fra	cosine-d	0030	3.0	0.7302325581395349	0.8986545847108676	0.9155138062479689	0.9070058583878192	0.8666666666666667	0.10134541528913228
ELTeC-fra_burrows-d_0030	ELTeC-fra	burrows-d	0030	4.0	0.5770833333333333	0.8308737928613027	0.8825491371550037	0.8559322233039912	0.8	0.16912620713869725
ELTeC-fra_eders-d_0030	ELTeC-fra	eders-d	0030	6.0	0.521978021978022	0.8042324171680738	0.8355501928067011	0.8195922400183526	0.7666666666666667	0.1957675828319262
ELTeC-fra_cosine-d_0040	ELTeC-fra	cosine-d	0040	2.0	0.7839541547277937	0.9187232510884662	0.9432378429582897	0.9308191673854077	0.9	0.08127674891153354
ELTeC-fra_burrows-d_0040	ELTeC-fra	burrows-d	0040	5.0	0.5740112994350283	0.8308737928613027	0.8573742993451993	0.8439160562802075	0.8	0.16912620713869725
ELTeC-fra_eders-d_0040	ELTeC-fra	eders-d	0040	4.0	0.5868073878627968	0.8357928738053639	0.8831596302070815	0.8588236424644284	0.8	0.164207126194636
ELTeC-fra_cosine-d_0050	ELTeC-fra	cosine-d	0050	3.0	0.6930362116991643	0.8825029158761917	0.9141003548658237	0.8980237782149614	0.8666666666666667	0.11749708412380837
ELTeC-fra_burrows-d_0050	ELTeC-fra	burrows-d	0050	2.0	0.7450549450549451	0.9072314608287748	0.9425601428565247	0.924558435251913	0.8666666666666667	0.09276853917122496
ELTeC-fra_eders-d_0050	ELTeC-fra	eders-d	0050	4.0	0.5770833333333333	0.8308737928613025	0.8825491371550035	0.8559322233039909	0.8	0.16912620713869725
ELTeC-fra_cosine-d_0100	ELTeC-fra	cosine-d	0100	1.0	0.9118541033434651	0.9674374599615713	0.9722198882874836	0.9698227783355848	0.9666666666666667	0.03256254003842873
ELTeC-fra_burrows-d_0100	ELTeC-fra	burrows-d	0100	3.0	0.6930362116991643	0.8825029158761915	0.9141003548658237	0.8980237782149614	0.8666666666666667	0.11749708412380837
ELTeC-fra_eders-d_0100	ELTeC-fra	eders-d	0100	4.0	0.5583756345177665	0.8222969167433954	0.8814692860639576	0.8508555633279593	0.7666666666666667	0.1777030832566046
ELTeC-fra_cosine-d_0150	ELTeC-fra	cosine-d	0150	0.0	1.0	1.0	1.0	1.0	1.0	0.0
ELTeC-fra_burrows-d_0150	ELTeC-fra	burrows-d	0150	3.0	0.6930362116991643	0.8825029158761915	0.9141003548658237	0.8980237782149614	0.8666666666666667	0.11749708412380837
ELTeC-fra_eders-d_0150	ELTeC-fra	eders-d	0150	3.0	0.6930362116991643	0.8825029158761915	0.9141003548658237	0.8980237782149614	0.8666666666666667	0.11749708412380837
ELTeC-fra_cosine-d_0200	ELTeC-fra	cosine-d	0200	0.0	1.0	1.0	1.0	1.0	1.0	0.0
ELTeC-fra_burrows-d_0200	ELTeC-fra	burrows-d	0200	0.0	1.0	1.0	1.0	1.0	1.0	0.0
ELTeC-fra_eders-d_0200	ELTeC-fra	eders-d	0200	3.0	0.6930362116991643	0.8825029158761915	0.9141003548658237	0.8980237782149614	0.8666666666666667	0.11749708412380837
ELTeC-fra_cosine-d_0250	ELTeC-fra	cosine-d	0250	0.0	1.0	1.0	1.0	1.0	1.0	0.0
ELTeC-fra_burrows-d_0250	ELTeC-fra	burrows-d	0250	0.0	1.0	1.0	1.0	1.0	1.0	0.0
ELTeC-fra_eders-d_0250	ELTeC-fra	eders-d	0250	2.0	0.8117994100294985	0.9312171247492965	0.9439567241670109	0.9375436491657275	0.9333333333333333	0.06878287525070356
ELTeC-fra_cosine-d_0300	ELTeC-fra	cosine-d	0300	0.0	1.0	1.0	1.0	1.0	1.0	0.0
ELTeC-fra_burrows-d_0300	ELTeC-fra	burrows-d	0300	0.0	1.0	1.0	1.0	1.0	1.0	0.0
ELTeC-fra_eders-d_0300	ELTeC-fra	eders-d	0300	2.0	0.8117994100294985	0.9312171247492965	0.9439567241670109	0.9375436491657275	0.9333333333333333	0.06878287525070356
ELTeC-fra_cosine-d_0350	ELTeC-fra	cosine-d	0350	2.0	0.8117994100294985	0.9312171247492965	0.9439567241670109	0.9375436491657275	0.9333333333333333	0.06878287525070356
ELTeC-fra_burrows-d_0350	ELTeC-fra	burrows-d	0350	0.0	1.0	1.0	1.0	1.0	1.0	0.0
ELTeC-fra_eders-d_0350	ELTeC-fra	eders-d	0350	0.0	1.0	1.0	1.0	1.0	1.0	0.0
ELTeC-fra_cosine-d_0400	ELTeC-fra	cosine-d	0400	0.0	1.0	1.0	1.0	1.0	1.0	0.0
ELTeC-fra_burrows-d_0400	ELTeC-fra	burrows-d	0400	0.0	1.0	1.0	1.0	1.0	1.0	0.0
ELTeC-fra_eders-d_0400	ELTeC-fra	eders-d	0400	0.0	1.0	1.0	1.0	1.0	1.0	0.0
ELTeC-fra_cosine-d_0450	ELTeC-fra	cosine-d	0450	0.0	1.0	1.0	1.0	1.0	1.0	0.0
ELTeC-fra_burrows-d_0450	ELTeC-fra	burrows-d	0450	0.0	1.0	1.0	1.0	1.0	1.0	0.0
ELTeC-fra_eders-d_0450	ELTeC-fra	eders-d	0450	0.0	1.0	1.0	1.0	1.0	1.0	0.0
ELTeC-fra_cosine-d_0500	ELTeC-fra	cosine-d	0500	0.0	1.0	1.0	1.0	1.0	1.0	0.0
ELTeC-fra_burrows-d_0500	ELTeC-fra	burrows-d	0500	2.0	0.8117994100294985	0.9312171247492963	0.9439567241670107	0.9375436491657273	0.9333333333333333	0.06878287525070356
ELTeC-fra_eders-d_0500	ELTeC-fra	eders-d	0500	0.0	1.0	1.0	1.0	1.0	1.0	0.0
ELTeC-fra_cosine-d_0600	ELTeC-fra	cosine-d	0600	2.0	0.8117994100294985	0.9312171247492963	0.9439567241670107	0.9375436491657273	0.9333333333333333	0.06878287525070356
ELTeC-fra_burrows-d_0600	ELTeC-fra	burrows-d	0600	0.0	1.0	1.0	1.0	1.0	1.0	0.0
ELTeC-fra_eders-d_0600	ELTeC-fra	eders-d	0600	0.0	1.0	1.0	1.0	1.0	1.0	0.0
ELTeC-fra_cosine-d_0700	ELTeC-fra	cosine-d	0700	2.0	0.8117994100294985	0.9312171247492965	0.9439567241670109	0.9375436491657275	0.9333333333333333	0.06878287525070356
ELTeC-fra_burrows-d_0700	ELTeC-fra	burrows-d	0700	0.0	1.0	1.0	1.0	1.0	1.0	0.0
ELTeC-fra_eders-d_0700	ELTeC-fra	eders-d	0700	0.0	1.0	1.0	1.0	1.0	1.0	0.0
ELTeC-fra_cosine-d_0800	ELTeC-fra	cosine-d	0800	2.0	0.8117994100294985	0.9312171247492965	0.9439567241670109	0.9375436491657275	0.9333333333333333	0.06878287525070356
ELTeC-fra_burrows-d_0800	ELTeC-fra	burrows-d	0800	1.0	0.9118541033434651	0.9674374599615713	0.9722198882874836	0.9698227783355848	0.9666666666666667	0.03256254003842873
ELTeC-fra_eders-d_0800	ELTeC-fra	eders-d	0800	0.0	1.0	1.0	1.0	1.0	1.0	0.0
ELTeC-fra_cosine-d_0900	ELTeC-fra	cosine-d	0900	2.0	0.8117994100294985	0.9312171247492965	0.9439567241670109	0.9375436491657275	0.9333333333333333	0.06878287525070356
ELTeC-fra_burrows-d_0900	ELTeC-fra	burrows-d	0900	0.0	1.0	1.0	1.0	1.0	1.0	0.0
ELTeC-fra_eders-d_0900	ELTeC-fra	eders-d	0900	0.0	1.0	1.0	1.0	1.0	1.0	0.0
ELTeC-fra_cosine-d_1000	ELTeC-fra	cosine-d	1000	2.0	0.8117994100294985	0.9312171247492965	0.9439567241670109	0.9375436491657275	0.9333333333333333	0.06878287525070356
ELTeC-fra_burrows-d_1000	ELTeC-fra	burrows-d	1000	0.0	1.0	1.0	1.0	1.0	1.0	0.0
ELTeC-fra_eders-d_1000	ELTeC-fra	eders-d	1000	0.0	1.0	1.0	1.0	1.0	1.0	0.0
ELTeC-fra_cosine-d_1200	ELTeC-fra	cosine-d	1200	2.0	0.8117994100294985	0.9312171247492965	0.9439567241670109	0.9375436491657275	0.9333333333333333	0.06878287525070356
ELTeC-fra_burrows-d_1200	ELTeC-fra	burrows-d	1200	0.0	1.0	1.0	1.0	1.0	1.0	0.0
ELTeC-fra_eders-d_1200	ELTeC-fra	eders-d	1200	0.0	1.0	1.0	1.0	1.0	1.0	0.0
ELTeC-fra_cosine-d_1400	ELTeC-fra	cosine-d	1400	2.0	0.8117994100294985	0.9312171247492965	0.9439567241670109	0.9375436491657275	0.9333333333333333	0.06878287525070356
ELTeC-fra_burrows-d_1400	ELTeC-fra	burrows-d	1400	0.0	1.0	1.0	1.0	1.0	1.0	0.0
ELTeC-fra_eders-d_1400	ELTeC-fra	eders-d	1400	0.0	1.0	1.0	1.0	1.0	1.0	0.0
ELTeC-fra_cosine-d_1600	ELTeC-fra	cosine-d	1600	2.0	0.8117994100294985	0.9312171247492965	0.9439567241670109	0.9375436491657275	0.9333333333333333	0.06878287525070356
ELTeC-fra_burrows-d_1600	ELTeC-fra	burrows-d	1600	0.0	1.0	1.0	1.0	1.0	1.0	0.0
ELTeC-fra_eders-d_1600	ELTeC-fra	eders-d	1600	0.0	1.0	1.0	1.0	1.0	1.0	0.0
ELTeC-fra_cosine-d_1800	ELTeC-fra	cosine-d	1800	2.0	0.8117994100294985	0.9312171247492965	0.9439567241670109	0.9375436491657275	0.9333333333333333	0.06878287525070356
ELTeC-fra_burrows-d_1800	ELTeC-fra	burrows-d	1800	0.0	1.0	1.0	1.0	1.0	1.0	0.0
ELTeC-fra_eders-d_1800	ELTeC-fra	eders-d	1800	0.0	1.0	1.0	1.0	1.0	1.0	0.0
ELTeC-fra_cosine-d_2000	ELTeC-fra	cosine-d	2000	2.0	0.8117994100294985	0.9312171247492965	0.9439567241670109	0.9375436491657275	0.9333333333333333	0.06878287525070356
ELTeC-fra_burrows-d_2000	ELTeC-fra	burrows-d	2000	0.0	1.0	1.0	1.0	1.0	1.0	0.0
ELTeC-fra_eders-d_2000	ELTeC-fra	eders-d	2000	0.0	1.0	1.0	1.0	1.0	1.0	0.0
ELTeC-fra_cosine-d_2500	ELTeC-fra	cosine-d	2500	2.0	0.8117994100294985	0.9312171247492965	0.9439567241670109	0.9375436491657275	0.9333333333333333	0.06878287525070356
ELTeC-fra_burrows-d_2500	ELTeC-fra	burrows-d	2500	0.0	1.0	1.0	1.0	1.0	1.0	0.0
ELTeC-fra_eders-d_2500	ELTeC-fra	eders-d	2500	0.0	1.0	1.0	1.0	1.0	1.0	0.0
ELTeC-fra_cosine-d_3000	ELTeC-fra	cosine-d	3000	2.0	0.8117994100294985	0.9312171247492965	0.9439567241670109	0.9375436491657275	0.9333333333333333	0.06878287525070356
ELTeC-fra_burrows-d_3000	ELTeC-fra	burrows-d	3000	0.0	1.0	1.0	1.0	1.0	1.0	0.0
ELTeC-fra_eders-d_3000	ELTeC-fra	eders-d	3000	0.0	1.0	1.0	1.0	1.0	1.0	0.0
ELTeC-fra_cosine-d_3500	ELTeC-fra	cosine-d	3500	2.0	0.8117994100294985	0.9312171247492965	0.9439567241670109	0.9375436491657275	0.9333333333333333	0.06878287525070356
ELTeC-fra_burrows-d_3500	ELTeC-fra	burrows-d	3500	0.0	1.0	1.0	1.0	1.0	1.0	0.0
ELTeC-fra_eders-d_3500	ELTeC-fra	eders-d	3500	0.0	1.0	1.0	1.0	1.0	1.0	0.0
ELTeC-fra_cosine-d_4000	ELTeC-fra	cosine-d	4000	2.0	0.8117994100294985	0.9312171247492965	0.9439567241670109	0.9375436491657275	0.9333333333333333	0.06878287525070356
ELTeC-fra_burrows-d_4000	ELTeC-fra	burrows-d	4000	0.0	1.0	1.0	1.0	1.0	1.0	0.0
ELTeC-fra_eders-d_4000	ELTeC-fra	eders-d	4000	0.0	1.0	1.0	1.0	1.0	1.0	0.0
ELTeC-fra_cosine-d_4500	ELTeC-fra	cosine-d	4500	2.0	0.8117994100294985	0.9312171247492965	0.9439567241670109	0.9375436491657275	0.9333333333333333	0.06878287525070356
ELTeC-fra_burrows-d_4500	ELTeC-fra	burrows-d	4500	2.0	0.8117994100294985	0.9312171247492965	0.9439567241670109	0.9375436491657275	0.9333333333333333	0.06878287525070356
ELTeC-fra_eders-d_4500	ELTeC-fra	eders-d	4500	0.0	1.0	1.0	1.0	1.0	1.0	0.0
ELTeC-fra_cosine-d_5000	ELTeC-fra	cosine-d	5000	2.0	0.8117994100294985	0.9312171247492965	0.9439567241670109	0.9375436491657275	0.9333333333333333	0.06878287525070356
ELTeC-fra_burrows-d_5000	ELTeC-fra	burrows-d	5000	2.0	0.8117994100294985	0.9312171247492963	0.9439567241670107	0.9375436491657273	0.9333333333333333	0.06878287525070356
ELTeC-fra_eders-d_5000	ELTeC-fra	eders-d	5000	0.0	1.0	1.0	1.0	1.0	1.0	0.0
ELTeC-eng_cosine-d_0010	ELTeC-eng	cosine-d	0010	10.0	0.275	0.6801626237286352	0.7224646412659141	0.7006757364815677	0.6333333333333333	0.3198373762713647
ELTeC-eng_burrows-d_0010	ELTeC-eng	burrows-d	0010	8.0	0.4515759312320917	0.768012081955799	0.7885051985912318	0.7781237340200858	0.7333333333333333	0.23198791804420102
ELTeC-eng_eders-d_0010	ELTeC-eng	eders-d	0010	10.0	0.2694087403598972	0.6811647071297738	0.7227597377283423	0.7013460402061357	0.6	0.31883529287022616
ELTeC-eng_cosine-d_0020	ELTeC-eng	cosine-d	0020	8.0	0.41016949152542376	0.755518208294969	0.7796152677396697	0.7673776117025897	0.7333333333333333	0.244481791705031
ELTeC-eng_burrows-d_0020	ELTeC-eng	burrows-d	0020	6.0	0.49010989010989015	0.794653457649028	0.8273208741142096	0.8106581964036156	0.7666666666666667	0.2053465423509721
ELTeC-eng_eders-d_0020	ELTeC-eng	eders-d	0020	7.0	0.4263736263736264	0.7670099985546603	0.7985410197999113	0.782457983498112	0.7333333333333333	0.23299000144533957
ELTeC-eng_cosine-d_0030	ELTeC-eng	cosine-d	0030	6.0	0.4727272727272728	0.7880807483333978	0.826131105458716	0.8066574635565135	0.7666666666666667	0.21191925166660228
ELTeC-eng_burrows-d_0030	ELTeC-eng	burrows-d	0030	5.0	0.5538461538461539	0.8222969167433953	0.8561007284285079	0.8388584093091189	0.8	0.1777030832566046
ELTeC-eng_eders-d_0030	ELTeC-eng	eders-d	0030	5.0	0.5538461538461539	0.8222969167433954	0.856100728428508	0.838858409309119	0.8	0.1777030832566046
ELTeC-eng_cosine-d_0040	ELTeC-eng	cosine-d	0040	6.0	0.5279069767441861	0.8157242074277653	0.8310276124959382	0.8233048020378018	0.7666666666666667	0.18427579257223478
ELTeC-eng_burrows-d_0040	ELTeC-eng	burrows-d	0040	6.0	0.4949868073878628	0.7860765815311207	0.8323885641600988	0.8085699698415423	0.7666666666666667	0.21392341846887944
ELTeC-eng_eders-d_0040	ELTeC-eng	eders-d	0040	5.0	0.5538461538461539	0.8222969167433953	0.8561007284285082	0.838858409309119	0.8	0.1777030832566046
ELTeC-eng_cosine-d_0050	ELTeC-eng	cosine-d	0050	6.0	0.5380530973451327	0.8206432883718265	0.8318701725010328	0.8262185937040414	0.8	0.17935671162817354
ELTeC-eng_burrows-d_0050	ELTeC-eng	burrows-d	0050	5.0	0.5538461538461539	0.8222969167433953	0.8561007284285079	0.8388584093091189	0.8	0.1777030832566046
ELTeC-eng_eders-d_0050	ELTeC-eng	eders-d	0050	5.0	0.5538461538461539	0.8222969167433954	0.856100728428508	0.838858409309119	0.8	0.1777030832566046
ELTeC-eng_cosine-d_0100	ELTeC-eng	cosine-d	0100	2.0	0.8263473053892215	0.9348749199231425	0.9441637558016164	0.9394963786564057	0.9333333333333333	0.06512508007685747
ELTeC-eng_burrows-d_0100	ELTeC-eng	burrows-d	0100	4.0	0.6072916666666666	0.8384485855780714	0.8905950363442061	0.8637354651763859	0.8	0.16155141442192852
ELTeC-eng_eders-d_0100	ELTeC-eng	eders-d	0100	5.0	0.5538461538461539	0.8222969167433953	0.8561007284285079	0.8388584093091189	0.8	0.1777030832566046
ELTeC-eng_cosine-d_0150	ELTeC-eng	cosine-d	0150	2.0	0.8263473053892215	0.9348749199231425	0.9441637558016166	0.9394963786564057	0.9333333333333333	0.06512508007685747
ELTeC-eng_burrows-d_0150	ELTeC-eng	burrows-d	0150	2.0	0.8263473053892215	0.9348749199231425	0.9441637558016166	0.9394963786564057	0.9333333333333333	0.06512508007685747
ELTeC-eng_eders-d_0150	ELTeC-eng	eders-d	0150	4.0	0.6072916666666666	0.8384485855780714	0.8905950363442061	0.8637354651763859	0.8	0.16155141442192852
ELTeC-eng_cosine-d_0200	ELTeC-eng	cosine-d	0200	1.0	0.9118541033434651	0.9674374599615713	0.9722198882874836	0.9698227783355848	0.9666666666666667	0.03256254003842873
ELTeC-eng_burrows-d_0200	ELTeC-eng	burrows-d	0200	2.0	0.8263473053892215	0.9348749199231425	0.9441637558016166	0.9394963786564057	0.9333333333333333	0.06512508007685747
ELTeC-eng_eders-d_0200	ELTeC-eng	eders-d	0200	4.0	0.6072916666666666	0.8384485855780714	0.8905950363442061	0.8637354651763859	0.8	0.16155141442192852
ELTeC-eng_cosine-d_0250	ELTeC-eng	cosine-d	0250	2.0	0.8117994100294985	0.9312171247492965	0.9439567241670109	0.9375436491657275	0.9333333333333333	0.06878287525070356
ELTeC-eng_burrows-d_0250	ELTeC-eng	burrows-d	0250	2.0	0.7839541547277937	0.9187232510884662	0.9432378429582898	0.9308191673854077	0.9	0.08127674891153354
ELTeC-eng_eders-d_0250	ELTeC-eng	eders-d	0250	3.0	0.6813186813186813	0.8795880017344073	0.913840214284787	0.8963870210221958	0.8666666666666667	0.12041199826559246
ELTeC-eng_cosine-d_0300	ELTeC-eng	cosine-d	0300	3.0	0.7302325581395349	0.8986545847108676	0.9155138062479689	0.9070058583878192	0.8666666666666667	0.10134541528913228
ELTeC-eng_burrows-d_0300	ELTeC-eng	burrows-d	0300	4.0	0.54937343358396	0.8218770403064671	0.8814159124706901	0.8506058810838167	0.7666666666666667	0.17812295969353306
ELTeC-eng_eders-d_0300	ELTeC-eng	eders-d	0300	3.0	0.6813186813186813	0.8795880017344073	0.913840214284787	0.8963870210221958	0.8666666666666667	0.12041199826559246
ELTeC-eng_cosine-d_0350	ELTeC-eng	cosine-d	0350	2.0	0.8117994100294985	0.9312171247492963	0.9439567241670107	0.9375436491657273	0.9333333333333333	0.06878287525070356
ELTeC-eng_burrows-d_0350	ELTeC-eng	burrows-d	0350	2.0	0.7839541547277937	0.9187232510884662	0.9432378429582897	0.9308191673854077	0.9	0.08127674891153354
ELTeC-eng_eders-d_0350	ELTeC-eng	eders-d	0350	2.0	0.7839541547277937	0.9187232510884664	0.94323784295829	0.9308191673854078	0.9	0.08127674891153354
ELTeC-eng_cosine-d_0400	ELTeC-eng	cosine-d	0400	3.0	0.7302325581395349	0.8986545847108679	0.9155138062479693	0.9070058583878194	0.8666666666666667	0.10134541528913228
ELTeC-eng_burrows-d_0400	ELTeC-eng	burrows-d	0400	2.0	0.7839541547277937	0.9187232510884662	0.9432378429582897	0.9308191673854077	0.9	0.08127674891153354
ELTeC-eng_eders-d_0400	ELTeC-eng	eders-d	0400	2.0	0.7839541547277937	0.9187232510884664	0.94323784295829	0.9308191673854078	0.9	0.08127674891153354
ELTeC-eng_cosine-d_0450	ELTeC-eng	cosine-d	0450	2.0	0.8263473053892215	0.9348749199231425	0.9441637558016166	0.9394963786564057	0.9333333333333333	0.06512508007685747
ELTeC-eng_burrows-d_0450	ELTeC-eng	burrows-d	0450	2.0	0.7839541547277937	0.9187232510884662	0.9432378429582897	0.9308191673854077	0.9	0.08127674891153354
ELTeC-eng_eders-d_0450	ELTeC-eng	eders-d	0450	2.0	0.7839541547277937	0.9187232510884664	0.94323784295829	0.9308191673854078	0.9	0.08127674891153354
ELTeC-eng_cosine-d_0500	ELTeC-eng	cosine-d	0500	2.0	0.8263473053892215	0.9348749199231425	0.9441637558016166	0.9394963786564057	0.9333333333333333	0.06512508007685747
ELTeC-eng_burrows-d_0500	ELTeC-eng	burrows-d	0500	3.0	0.6272493573264781	0.8580973755187417	0.9118725488847876	0.8841680643464175	0.8	0.14190262448125823
ELTeC-eng_eders-d_0500	ELTeC-eng	eders-d	0500	2.0	0.7839541547277937	0.9187232510884664	0.94323784295829	0.9308191673854078	0.9	0.08127674891153354
ELTeC-eng_cosine-d_0600	ELTeC-eng	cosine-d	0600	1.0	0.9118541033434651	0.9674374599615713	0.9722198882874836	0.9698227783355848	0.9666666666666667	0.03256254003842873
ELTeC-eng_burrows-d_0600	ELTeC-eng	burrows-d	0600	3.0	0.6272493573264781	0.8580973755187417	0.9118725488847876	0.8841680643464175	0.8	0.14190262448125823
ELTeC-eng_eders-d_0600	ELTeC-eng	eders-d	0600	2.0	0.7839541547277937	0.9187232510884662	0.9432378429582897	0.9308191673854077	0.9	0.08127674891153354
ELTeC-eng_cosine-d_0700	ELTeC-eng	cosine-d	0700	1.0	0.9118541033434651	0.9674374599615713	0.9722198882874836	0.9698227783355848	0.9666666666666667	0.03256254003842873
ELTeC-eng_burrows-d_0700	ELTeC-eng	burrows-d	0700	3.0	0.6272493573264781	0.8580973755187417	0.9118725488847876	0.8841680643464175	0.8	0.14190262448125823
ELTeC-eng_eders-d_0700	ELTeC-eng	eders-d	0700	3.0	0.6272493573264781	0.8580973755187417	0.9118725488847876	0.8841680643464175	0.8	0.14190262448125823
ELTeC-eng_cosine-d_0800	ELTeC-eng	cosine-d	0800	1.0	0.9118541033434651	0.9674374599615713	0.9722198882874836	0.9698227783355848	0.9666666666666667	0.03256254003842873
ELTeC-eng_burrows-d_0800	ELTeC-eng	burrows-d	0800	3.0	0.6272493573264781	0.8580973755187417	0.9118725488847876	0.8841680643464175	0.8	0.14190262448125823
ELTeC-eng_eders-d_0800	ELTeC-eng	eders-d	0800	3.0	0.6272493573264781	0.8580973755187417	0.9118725488847876	0.8841680643464175	0.8	0.14190262448125823
ELTeC-eng_cosine-d_0900	ELTeC-eng	cosine-d	0900	1.0	0.9118541033434651	0.9674374599615713	0.9722198882874836	0.9698227783355848	0.9666666666666667	0.03256254003842873
ELTeC-eng_burrows-d_0900	ELTeC-eng	burrows-d	0900	3.0	0.6272493573264781	0.8580973755187417	0.9118725488847876	0.8841680643464175	0.8	0.14190262448125823
ELTeC-eng_eders-d_0900	ELTeC-eng	eders-d	0900	3.0	0.6272493573264781	0.8580973755187417	0.9118725488847876	0.8841680643464175	0.8	0.14190262448125823
ELTeC-eng_cosine-d_1000	ELTeC-eng	cosine-d	1000	1.0	0.9118541033434651	0.9674374599615713	0.9722198882874836	0.9698227783355848	0.9666666666666667	0.03256254003842873
ELTeC-eng_burrows-d_1000	ELTeC-eng	burrows-d	1000	3.0	0.6272493573264781	0.8580973755187417	0.9118725488847876	0.8841680643464175	0.8	0.14190262448125823
ELTeC-eng_eders-d_1000	ELTeC-eng	eders-d	1000	3.0	0.6272493573264781	0.8580973755187417	0.9118725488847876	0.8841680643464175	0.8	0.14190262448125823
ELTeC-eng_cosine-d_1200	ELTeC-eng	cosine-d	1200	2.0	0.8263473053892215	0.9348749199231423	0.9441637558016164	0.9394963786564056	0.9333333333333333	0.06512508007685747
ELTeC-eng_burrows-d_1200	ELTeC-eng	burrows-d	1200	3.0	0.6272493573264781	0.8580973755187417	0.9118725488847876	0.8841680643464175	0.8	0.14190262448125823
ELTeC-eng_eders-d_1200	ELTeC-eng	eders-d	1200	3.0	0.6272493573264781	0.8580973755187417	0.9118725488847876	0.8841680643464175	0.8	0.14190262448125823
ELTeC-eng_cosine-d_1400	ELTeC-eng	cosine-d	1400	1.0	0.9118541033434651	0.9674374599615713	0.9722198882874836	0.9698227783355848	0.9666666666666667	0.03256254003842873
ELTeC-eng_burrows-d_1400	ELTeC-eng	burrows-d	1400	3.0	0.6272493573264781	0.8580973755187417	0.9118725488847876	0.8841680643464175	0.8	0.14190262448125823
ELTeC-eng_eders-d_1400	ELTeC-eng	eders-d	1400	3.0	0.6272493573264781	0.8580973755187417	0.9118725488847876	0.8841680643464175	0.8	0.14190262448125823
ELTeC-eng_cosine-d_1600	ELTeC-eng	cosine-d	1600	1.0	0.9118541033434651	0.9674374599615713	0.9722198882874836	0.9698227783355848	0.9666666666666667	0.03256254003842873
ELTeC-eng_burrows-d_1600	ELTeC-eng	burrows-d	1600	3.0	0.6272493573264781	0.8580973755187417	0.9118725488847876	0.8841680643464175	0.8	0.14190262448125823
ELTeC-eng_eders-d_1600	ELTeC-eng	eders-d	1600	3.0	0.6272493573264781	0.8580973755187417	0.9118725488847876	0.8841680643464175	0.8	0.14190262448125823
ELTeC-eng_cosine-d_1800	ELTeC-eng	cosine-d	1800	1.0	0.9118541033434651	0.9674374599615713	0.9722198882874836	0.9698227783355848	0.9666666666666667	0.03256254003842873
ELTeC-eng_burrows-d_1800	ELTeC-eng	burrows-d	1800	3.0	0.6588235294117647	0.8670941280735774	0.9127071177474869	0.8893161349425983	0.8	0.13290587192642245
ELTeC-eng_eders-d_1800	ELTeC-eng	eders-d	1800	3.0	0.6272493573264781	0.8580973755187417	0.9118725488847876	0.8841680643464175	0.8	0.14190262448125823
ELTeC-eng_cosine-d_2000	ELTeC-eng	cosine-d	2000	0.0	1.0	1.0	1.0	1.0	1.0	0.0
ELTeC-eng_burrows-d_2000	ELTeC-eng	burrows-d	2000	3.0	0.6588235294117647	0.8670941280735776	0.912707117747487	0.8893161349425984	0.8	0.13290587192642245
ELTeC-eng_eders-d_2000	ELTeC-eng	eders-d	2000	3.0	0.6272493573264781	0.8580973755187417	0.9118725488847876	0.8841680643464175	0.8	0.14190262448125823
ELTeC-eng_cosine-d_2500	ELTeC-eng	cosine-d	2500	3.0	0.7568862275449102	0.9072314608287748	0.9162456337024246	0.9117162669438892	0.8666666666666667	0.09276853917122496
ELTeC-eng_burrows-d_2500	ELTeC-eng	burrows-d	2500	3.0	0.6272493573264781	0.8580973755187419	0.9118725488847879	0.8841680643464177	0.8	0.14190262448125823
ELTeC-eng_eders-d_2500	ELTeC-eng	eders-d	2500	3.0	0.6272493573264781	0.8580973755187417	0.9118725488847876	0.8841680643464175	0.8	0.14190262448125823
ELTeC-eng_cosine-d_3000	ELTeC-eng	cosine-d	3000	2.0	0.841337386018237	0.9397940008672035	0.9444397765749669	0.9421111613978133	0.9	0.06020599913279623
ELTeC-eng_burrows-d_3000	ELTeC-eng	burrows-d	3000	3.0	0.6272493573264781	0.8580973755187419	0.9118725488847881	0.8841680643464178	0.8	0.14190262448125823
ELTeC-eng_eders-d_3000	ELTeC-eng	eders-d	3000	3.0	0.6588235294117647	0.8670941280735774	0.9127071177474869	0.8893161349425983	0.8	0.13290587192642245
ELTeC-eng_cosine-d_3500	ELTeC-eng	cosine-d	3500	2.0	0.841337386018237	0.9397940008672035	0.9444397765749669	0.9421111613978133	0.9	0.06020599913279623
ELTeC-eng_burrows-d_3500	ELTeC-eng	burrows-d	3500	3.0	0.6272493573264781	0.8580973755187419	0.9118725488847881	0.8841680643464178	0.8	0.14190262448125823
ELTeC-eng_eders-d_3500	ELTeC-eng	eders-d	3500	3.0	0.6588235294117647	0.8670941280735777	0.9127071177474873	0.8893161349425986	0.8	0.13290587192642245
ELTeC-eng_cosine-d_4000	ELTeC-eng	cosine-d	4000	2.0	0.841337386018237	0.9397940008672035	0.9444397765749669	0.9421111613978133	0.9	0.06020599913279623
ELTeC-eng_burrows-d_4000	ELTeC-eng	burrows-d	4000	4.0	0.5676092544987147	0.8304539164243744	0.882496731846384	0.8556847425036831	0.7666666666666667	0.16954608357562573
ELTeC-eng_eders-d_4000	ELTeC-eng	eders-d	4000	3.0	0.6272493573264781	0.8580973755187419	0.9118725488847881	0.8841680643464178	0.8	0.14190262448125823
ELTeC-eng_cosine-d_4500	ELTeC-eng	cosine-d	4500	2.0	0.841337386018237	0.9397940008672035	0.9444397765749669	0.9421111613978133	0.9	0.06020599913279623
ELTeC-eng_burrows-d_4500	ELTeC-eng	burrows-d	4500	4.0	0.5676092544987147	0.8304539164243742	0.8824967318463836	0.8556847425036829	0.7666666666666667	0.16954608357562573
ELTeC-eng_eders-d_4500	ELTeC-eng	eders-d	4500	3.0	0.6272493573264781	0.8580973755187419	0.9118725488847881	0.8841680643464178	0.8	0.14190262448125823
ELTeC-eng_cosine-d_5000	ELTeC-eng	cosine-d	5000	2.0	0.841337386018237	0.9397940008672035	0.9444397765749669	0.9421111613978133	0.9	0.06020599913279623
ELTeC-eng_burrows-d_5000	ELTeC-eng	burrows-d	5000	4.0	0.5676092544987147	0.8304539164243742	0.8824967318463836	0.8556847425036829	0.7666666666666667	0.16954608357562573
ELTeC-eng_eders-d_5000	ELTeC-eng	eders-d	5000	3.0	0.6272493573264781	0.8580973755187419	0.9118725488847881	0.8841680643464178	0.8	0.14190262448125823
ELTeC-slv_cosine-d_0010	ELTeC-slv	cosine-d	0010	12.0	0.437392795883362	0.7881650017226298	0.8036455771802189	0.7958300140952751	0.6904761904761905	0.2118349982773703
ELTeC-slv_burrows-d_0010	ELTeC-slv	burrows-d	0010	11.0	0.3766081871345029	0.7460672846306335	0.8097004362965551	0.7765825164594505	0.6904761904761905	0.2539327153693666
ELTeC-slv_eders-d_0010	ELTeC-slv	eders-d	0010	12.0	0.35613521426670214	0.7571809962421856	0.7893925335541232	0.7729513191155878	0.6666666666666666	0.2428190037578145
ELTeC-slv_cosine-d_0020	ELTeC-slv	cosine-d	0020	13.0	0.38528995756718526	0.7678714948488166	0.7854085607889281	0.7765410280664866	0.6666666666666666	0.23212850515118338
ELTeC-slv_burrows-d_0020	ELTeC-slv	burrows-d	0020	10.0	0.45967316816025305	0.7989998799437357	0.8307019902599094	0.8145425891960855	0.7142857142857143	0.20100012005626447
ELTeC-slv_eders-d_0020	ELTeC-slv	eders-d	0020	9.0	0.4092219020172911	0.7735226629171877	0.8330226731847057	0.8021708469126697	0.6904761904761905	0.22647733708281223
ELTeC-slv_cosine-d_0030	ELTeC-slv	cosine-d	0030	14.0	0.32999472851871375	0.7375120041133874	0.7683865120321244	0.7526327575818516	0.6190476190476191	0.26248799588661265
ELTeC-slv_burrows-d_0030	ELTeC-slv	burrows-d	0030	12.0	0.39483394833948343	0.7692649039533214	0.7997872124788326	0.7842291874786521	0.6666666666666666	0.23073509604667872
ELTeC-slv_eders-d_0030	ELTeC-slv	eders-d	0030	9.0	0.3620689655172414	0.7636836742110217	0.8355276586635207	0.7979918840697047	0.6904761904761905	0.23631632578897832
ELTeC-slv_cosine-d_0040	ELTeC-slv	cosine-d	0040	11.0	0.47313084112149534	0.8076724547008469	0.817699582836839	0.8126550894504058	0.7380952380952381	0.19232754529915308
ELTeC-slv_burrows-d_0040	ELTeC-slv	burrows-d	0040	8.0	0.5007610350076104	0.8218346583757488	0.8606168362410258	0.8407787634503723	0.7619047619047619	0.1781653416242514
ELTeC-slv_eders-d_0040	ELTeC-slv	eders-d	0040	11.0	0.4268817204301075	0.7850993501231741	0.8134359704881716	0.7990165041243371	0.7142857142857143	0.21490064987682603
ELTeC-slv_cosine-d_0050	ELTeC-slv	cosine-d	0050	6.0	0.7062686567164179	0.8952222997132447	0.9007450406624621	0.8979751787562704	0.8333333333333334	0.10477770028675523
ELTeC-slv_burrows-d_0050	ELTeC-slv	burrows-d	0050	9.0	0.41953751769702696	0.7857238648681888	0.8394003010835485	0.8116756399996502	0.7380952380952381	0.21427613513181104
ELTeC-slv_eders-d_0050	ELTeC-slv	eders-d	0050	10.0	0.42761116856256465	0.7951653339847902	0.8259543070013605	0.8102674420542951	0.7142857142857143	0.20483466601520994
ELTeC-slv_cosine-d_0100	ELTeC-slv	cosine-d	0100	3.0	0.7796322489391796	0.9296780102619595	0.9473348385726955	0.9384233766144878	0.8809523809523809	0.07032198973804045
ELTeC-slv_burrows-d_0100	ELTeC-slv	burrows-d	0100	3.0	0.7796322489391796	0.9296780102619595	0.9473348385726954	0.9384233766144878	0.8809523809523809	0.07032198973804045
ELTeC-slv_eders-d_0100	ELTeC-slv	eders-d	0100	6.0	0.6103719793646484	0.8648628089778158	0.893241132804124	0.8788229374293945	0.8095238095238095	0.13513719102218447
ELTeC-slv_cosine-d_0150	ELTeC-slv	cosine-d	0150	2.0	0.8668438145851787	0.9571333885485142	0.9652520276996952	0.9611755647611998	0.9523809523809523	0.042866611451486056
ELTeC-slv_burrows-d_0150	ELTeC-slv	burrows-d	0150	3.0	0.7890222984562607	0.9290534955169447	0.9473013023975508	0.9380886677491836	0.9047619047619048	0.07094650448305544
ELTeC-slv_eders-d_0150	ELTeC-slv	eders-d	0150	4.0	0.7332390381895333	0.9124501549876022	0.9297797847635941	0.9210334610308843	0.8571428571428571	0.08754984501239785
ELTeC-slv_cosine-d_0200	ELTeC-slv	cosine-d	0200	2.0	0.8776119402985074	0.959412986252374	0.9653317277628166	0.962363256709563	0.9523809523809523	0.04058701374762622
ELTeC-slv_burrows-d_0200	ELTeC-slv	burrows-d	0200	2.0	0.7622561939905114	0.9249572757036592	0.9640866748288406	0.9441167147439983	0.8571428571428571	0.07504272429634101
ELTeC-slv_eders-d_0200	ELTeC-slv	eders-d	0200	3.0	0.7614297589359934	0.9218916241042033	0.946913637120382	0.9342351168674492	0.8809523809523809	0.07810837589579672
ELTeC-slv_cosine-d_0250	ELTeC-slv	cosine-d	0250	3.0	0.8184233835252436	0.9391194793785608	0.947836690578041	0.9434579494361228	0.9285714285714286	0.06088052062143934
ELTeC-slv_burrows-d_0250	ELTeC-slv	burrows-d	0250	3.0	0.7890222984562607	0.9290534955169447	0.9473013023975508	0.9380886677491836	0.9047619047619048	0.07094650448305544
ELTeC-slv_eders-d_0250	ELTeC-slv	eders-d	0250	2.0	0.8163493840985442	0.9421851309780165	0.9647201826058678	0.9533195016351936	0.9047619047619048	0.057814869021983614
ELTeC-slv_cosine-d_0300	ELTeC-slv	cosine-d	0300	2.0	0.8776119402985074	0.959412986252374	0.9653317277628167	0.962363256709563	0.9523809523809523	0.04058701374762622
ELTeC-slv_burrows-d_0300	ELTeC-slv	burrows-d	0300	2.0	0.8163493840985442	0.9421851309780165	0.9647201826058678	0.9533195016351936	0.9047619047619048	0.057814869021983614
ELTeC-slv_eders-d_0300	ELTeC-slv	eders-d	0300	2.0	0.8163493840985442	0.9421851309780165	0.9647201826058678	0.9533195016351936	0.9047619047619048	0.057814869021983614
ELTeC-slv_cosine-d_0350	ELTeC-slv	cosine-d	0350	1.0	0.938122547539994	0.979706493126187	0.9827191677145067	0.9812105179230236	0.9761904761904762	0.02029350687381311
ELTeC-slv_burrows-d_0350	ELTeC-slv	burrows-d	0350	2.0	0.8163493840985442	0.9421851309780165	0.9647201826058678	0.9533195016351936	0.9047619047619048	0.057814869021983614
ELTeC-slv_eders-d_0350	ELTeC-slv	eders-d	0350	2.0	0.8163493840985442	0.9421851309780165	0.9647201826058678	0.9533195016351936	0.9047619047619048	0.057814869021983614
ELTeC-slv_cosine-d_0400	ELTeC-slv	cosine-d	0400	1.0	0.938122547539994	0.979706493126187	0.9827191677145067	0.9812105179230236	0.9761904761904762	0.02029350687381311
ELTeC-slv_burrows-d_0400	ELTeC-slv	burrows-d	0400	2.0	0.8163493840985442	0.9421851309780165	0.9647201826058678	0.9533195016351936	0.9047619047619048	0.057814869021983614
ELTeC-slv_eders-d_0400	ELTeC-slv	eders-d	0400	2.0	0.8163493840985442	0.9421851309780165	0.9647201826058678	0.9533195016351936	0.9047619047619048	0.057814869021983614
ELTeC-slv_cosine-d_0450	ELTeC-slv	cosine-d	0450	1.0	0.938122547539994	0.979706493126187	0.9827191677145067	0.9812105179230236	0.9761904761904762	0.02029350687381311
ELTeC-slv_burrows-d_0450	ELTeC-slv	burrows-d	0450	1.0	0.8724186704384724	0.9624786378518296	0.9824152892777264	0.9723447805962023	0.9285714285714286	0.037521362148170506
ELTeC-slv_eders-d_0450	ELTeC-slv	eders-d	0450	2.0	0.8163493840985442	0.9421851309780165	0.9647201826058678	0.9533195016351936	0.9047619047619048	0.057814869021983614
ELTeC-slv_cosine-d_0500	ELTeC-slv	cosine-d	0500	2.0	0.8776119402985074	0.959412986252374	0.9653317277628167	0.962363256709563	0.9523809523809523	0.04058701374762622
ELTeC-slv_burrows-d_0500	ELTeC-slv	burrows-d	0500	3.0	0.7890222984562607	0.9290534955169447	0.9473013023975508	0.9380886677491836	0.9047619047619048	0.07094650448305544
ELTeC-slv_eders-d_0500	ELTeC-slv	eders-d	0500	2.0	0.8163493840985442	0.9421851309780165	0.9647201826058678	0.9533195016351936	0.9047619047619048	0.057814869021983614
ELTeC-slv_cosine-d_0600	ELTeC-slv	cosine-d	0600	2.0	0.8776119402985074	0.959412986252374	0.9653317277628167	0.962363256709563	0.9523809523809523	0.04058701374762622
ELTeC-slv_burrows-d_0600	ELTeC-slv	burrows-d	0600	3.0	0.7354838709677419	0.9162847009465477	0.9466061361747378	0.9311986543874617	0.8809523809523809	0.08371529905345239
ELTeC-slv_eders-d_0600	ELTeC-slv	eders-d	0600	2.0	0.8163493840985442	0.9421851309780165	0.9647201826058678	0.9533195016351936	0.9047619047619048	0.057814869021983614
ELTeC-slv_cosine-d_0700	ELTeC-slv	cosine-d	0700	1.0	0.938122547539994	0.9797064931261869	0.9827191677145065	0.9812105179230235	0.9761904761904762	0.02029350687381311
ELTeC-slv_burrows-d_0700	ELTeC-slv	burrows-d	0700	1.0	0.8724186704384724	0.9624786378518296	0.9824152892777261	0.9723447805962022	0.9285714285714286	0.037521362148170506
ELTeC-slv_eders-d_0700	ELTeC-slv	eders-d	0700	2.0	0.8163493840985442	0.9421851309780165	0.9647201826058678	0.9533195016351936	0.9047619047619048	0.057814869021983614
ELTeC-slv_cosine-d_0800	ELTeC-slv	cosine-d	0800	0.0	1.0	1.0	1.0	1.0	1.0	0.0
ELTeC-slv_burrows-d_0800	ELTeC-slv	burrows-d	0800	1.0	0.8724186704384724	0.9624786378518296	0.9824152892777261	0.9723447805962022	0.9285714285714286	0.037521362148170506
ELTeC-slv_eders-d_0800	ELTeC-slv	eders-d	0800	2.0	0.8163493840985442	0.9421851309780165	0.9647201826058678	0.9533195016351936	0.9047619047619048	0.057814869021983614
ELTeC-slv_cosine-d_0900	ELTeC-slv	cosine-d	0900	1.0	0.938122547539994	0.979706493126187	0.9827191677145067	0.9812105179230236	0.9761904761904762	0.02029350687381311
ELTeC-slv_burrows-d_0900	ELTeC-slv	burrows-d	0900	1.0	0.8724186704384724	0.9624786378518296	0.9824152892777264	0.9723447805962023	0.9285714285714286	0.037521362148170506
ELTeC-slv_eders-d_0900	ELTeC-slv	eders-d	0900	1.0	0.8724186704384724	0.9624786378518296	0.9824152892777261	0.9723447805962022	0.9285714285714286	0.037521362148170506
ELTeC-slv_cosine-d_1000	ELTeC-slv	cosine-d	1000	1.0	0.938122547539994	0.9797064931261869	0.9827191677145065	0.9812105179230235	0.9761904761904762	0.02029350687381311
ELTeC-slv_burrows-d_1000	ELTeC-slv	burrows-d	1000	0.0	1.0	1.0	1.0	1.0	1.0	0.0
ELTeC-slv_eders-d_1000	ELTeC-slv	eders-d	1000	1.0	0.8724186704384724	0.9624786378518296	0.9824152892777264	0.9723447805962023	0.9285714285714286	0.037521362148170506
ELTeC-slv_cosine-d_1200	ELTeC-slv	cosine-d	1200	0.0	1.0	1.0	1.0	1.0	1.0	0.0
ELTeC-slv_burrows-d_1200	ELTeC-slv	burrows-d	1200	0.0	1.0	1.0	1.0	1.0	1.0	0.0
ELTeC-slv_eders-d_1200	ELTeC-slv	eders-d	1200	1.0	0.8724186704384724	0.9624786378518296	0.9824152892777261	0.9723447805962022	0.9285714285714286	0.037521362148170506
ELTeC-slv_cosine-d_1400	ELTeC-slv	cosine-d	1400	0.0	1.0	1.0	1.0	1.0	1.0	0.0
ELTeC-slv_burrows-d_1400	ELTeC-slv	burrows-d	1400	2.0	0.845998266396995	0.9493470023907579	0.9649770120619351	0.9570981995322266	0.9285714285714286	0.05065299760924233
ELTeC-slv_eders-d_1400	ELTeC-slv	eders-d	1400	1.0	0.8724186704384724	0.9624786378518296	0.9824152892777261	0.9723447805962022	0.9285714285714286	0.037521362148170506
ELTeC-slv_cosine-d_1600	ELTeC-slv	cosine-d	1600	1.0	0.938122547539994	0.9797064931261869	0.9827191677145065	0.9812105179230235	0.9761904761904762	0.02029350687381311
ELTeC-slv_burrows-d_1600	ELTeC-slv	burrows-d	1600	2.0	0.845998266396995	0.9493470023907579	0.9649770120619351	0.9570981995322266	0.9285714285714286	0.05065299760924233
ELTeC-slv_eders-d_1600	ELTeC-slv	eders-d	1600	1.0	0.8724186704384724	0.9624786378518296	0.9824152892777261	0.9723447805962022	0.9285714285714286	0.037521362148170506
ELTeC-slv_cosine-d_1800	ELTeC-slv	cosine-d	1800	2.0	0.8668438145851787	0.9571333885485142	0.9652520276996952	0.9611755647611998	0.9523809523809523	0.042866611451486056
ELTeC-slv_burrows-d_1800	ELTeC-slv	burrows-d	1800	2.0	0.845998266396995	0.9493470023907579	0.9649770120619351	0.9570981995322266	0.9285714285714286	0.05065299760924233
ELTeC-slv_eders-d_1800	ELTeC-slv	eders-d	1800	1.0	0.8724186704384724	0.9624786378518296	0.9824152892777261	0.9723447805962022	0.9285714285714286	0.037521362148170506
ELTeC-slv_cosine-d_2000	ELTeC-slv	cosine-d	2000	2.0	0.8668438145851787	0.9571333885485142	0.9652520276996952	0.9611755647611998	0.9523809523809523	0.042866611451486056
ELTeC-slv_burrows-d_2000	ELTeC-slv	burrows-d	2000	2.0	0.8668438145851787	0.9571333885485142	0.9652520276996951	0.9611755647611998	0.9285714285714286	0.042866611451486056
ELTeC-slv_eders-d_2000	ELTeC-slv	eders-d	2000	1.0	0.8724186704384724	0.9624786378518296	0.9824152892777261	0.9723447805962022	0.9285714285714286	0.037521362148170506
ELTeC-slv_cosine-d_2500	ELTeC-slv	cosine-d	2500	1.0	0.938122547539994	0.9797064931261869	0.9827191677145065	0.9812105179230235	0.9761904761904762	0.02029350687381311
ELTeC-slv_burrows-d_2500	ELTeC-slv	burrows-d	2500	2.0	0.8668438145851787	0.9571333885485142	0.9652520276996952	0.9611755647611998	0.9285714285714286	0.042866611451486056
ELTeC-slv_eders-d_2500	ELTeC-slv	eders-d	2500	2.0	0.845998266396995	0.9493470023907579	0.9649770120619351	0.9570981995322266	0.9285714285714286	0.05065299760924233
ELTeC-slv_cosine-d_3000	ELTeC-slv	cosine-d	3000	1.0	0.938122547539994	0.9797064931261869	0.9827191677145065	0.9812105179230235	0.9761904761904762	0.02029350687381311
ELTeC-slv_burrows-d_3000	ELTeC-slv	burrows-d	3000	2.0	0.8668438145851787	0.9571333885485142	0.9652520276996952	0.9611755647611998	0.9285714285714286	0.042866611451486056
ELTeC-slv_eders-d_3000	ELTeC-slv	eders-d	3000	2.0	0.845998266396995	0.9493470023907579	0.9649770120619351	0.9570981995322266	0.9285714285714286	0.05065299760924233
ELTeC-slv_cosine-d_3500	ELTeC-slv	cosine-d	3500	2.0	0.8668438145851787	0.9571333885485142	0.9652520276996952	0.9611755647611998	0.9523809523809523	0.042866611451486056
ELTeC-slv_burrows-d_3500	ELTeC-slv	burrows-d	3500	1.0	0.938122547539994	0.9797064931261869	0.9827191677145065	0.9812105179230235	0.9761904761904762	0.02029350687381311
ELTeC-slv_eders-d_3500	ELTeC-slv	eders-d	3500	2.0	0.8668438145851787	0.9571333885485142	0.9652520276996951	0.9611755647611998	0.9285714285714286	0.042866611451486056
ELTeC-slv_cosine-d_4000	ELTeC-slv	cosine-d	4000	2.0	0.8668438145851787	0.9571333885485142	0.9652520276996952	0.9611755647611998	0.9523809523809523	0.042866611451486056
ELTeC-slv_burrows-d_4000	ELTeC-slv	burrows-d	4000	1.0	0.938122547539994	0.9797064931261869	0.9827191677145065	0.9812105179230235	0.9761904761904762	0.02029350687381311
ELTeC-slv_eders-d_4000	ELTeC-slv	eders-d	4000	2.0	0.8668438145851787	0.9571333885485142	0.9652520276996951	0.9611755647611998	0.9285714285714286	0.042866611451486056
ELTeC-slv_cosine-d_4500	ELTeC-slv	cosine-d	4500	1.0	0.938122547539994	0.9797064931261869	0.9827191677145065	0.9812105179230235	0.9761904761904762	0.02029350687381311
ELTeC-slv_burrows-d_4500	ELTeC-slv	burrows-d	4500	1.0	0.938122547539994	0.979706493126187	0.9827191677145067	0.9812105179230236	0.9761904761904762	0.02029350687381311
ELTeC-slv_eders-d_4500	ELTeC-slv	eders-d	4500	0.0	1.0	1.0	1.0	1.0	1.0	0.0
ELTeC-slv_cosine-d_5000	ELTeC-slv	cosine-d	5000	1.0	0.938122547539994	0.979706493126187	0.9827191677145067	0.9812105179230236	0.9761904761904762	0.02029350687381311
ELTeC-slv_burrows-d_5000	ELTeC-slv	burrows-d	5000	1.0	0.938122547539994	0.979706493126187	0.9827191677145067	0.9812105179230236	0.9761904761904762	0.02029350687381311
ELTeC-slv_eders-d_5000	ELTeC-slv	eders-d	5000	1.0	0.938122547539994	0.9797064931261869	0.9827191677145065	0.9812105179230235	0.9761904761904762	0.02029350687381311
ELTeC-deu_cosine-d_0010	ELTeC-deu	cosine-d	0010	11.0	0.34450651769087526	0.7274082293793022	0.7475795302229884	0.7373559527657928	0.6666666666666666	0.272591770620698
ELTeC-deu_burrows-d_0010	ELTeC-deu	burrows-d	0010	9.0	0.40409683426443205	0.7624463901451066	0.783589312223295	0.7728732804109258	0.696969696969697	0.23755360985489343
ELTeC-deu_eders-d_0010	ELTeC-deu	eders-d	0010	10.0	0.3146853146853147	0.720795761964077	0.7543659737578065	0.7371988897047214	0.6060606060606061	0.27920423803592304
ELTeC-deu_cosine-d_0020	ELTeC-deu	cosine-d	0020	9.0	0.44933078393881454	0.7799654705280089	0.7927086860573861	0.7862854498160202	0.7272727272727273	0.22003452947199112
ELTeC-deu_burrows-d_0020	ELTeC-deu	burrows-d	0020	8.0	0.44150943396226416	0.7865779379432339	0.8029334348080088	0.7946715403033506	0.7272727272727273	0.21342206205676606
ELTeC-deu_eders-d_0020	ELTeC-deu	eders-d	0020	8.0	0.4573643410852713	0.7940651809576247	0.8044281759800808	0.7992130869417533	0.7272727272727273	0.20593481904237532
ELTeC-deu_cosine-d_0030	ELTeC-deu	cosine-d	0030	8.0	0.5105162523900574	0.8029959702356225	0.8170297488852084	0.8099520744318643	0.7575757575757576	0.19700402976437736
ELTeC-deu_burrows-d_0030	ELTeC-deu	burrows-d	0030	10.0	0.29333333333333333	0.7173763920107905	0.7534837851435333	0.7349868976270322	0.696969696969697	0.28262360798920966
ELTeC-deu_eders-d_0030	ELTeC-deu	eders-d	0030	7.0	0.4934823091247672	0.8040970183261363	0.8263949278205173	0.815093504743448	0.7575757575757576	0.19590298167386377
ELTeC-deu_cosine-d_0040	ELTeC-deu	cosine-d	0040	6.0	0.48470209339774556	0.7987018246831703	0.8525136417079272	0.8247308907390538	0.7575757575757576	0.20129817531682953
ELTeC-deu_burrows-d_0040	ELTeC-deu	burrows-d	0040	5.0	0.5842293906810035	0.8423282765538793	0.8747045782150724	0.8582111842709428	0.8181818181818182	0.15767172344612063
ELTeC-deu_eders-d_0040	ELTeC-deu	eders-d	0040	8.0	0.42657342657342656	0.7656394876070451	0.8041760860856908	0.7844347792373241	0.696969696969697	0.23436051239295486
ELTeC-deu_cosine-d_0050	ELTeC-deu	cosine-d	0050	5.0	0.6744186046511628	0.8730722917672317	0.8844663738033145	0.8787323990016848	0.8484848484848485	0.1269277082327682
ELTeC-deu_burrows-d_0050	ELTeC-deu	burrows-d	0050	5.0	0.6226415094339622	0.8589725813376161	0.8768333967550055	0.8678110983824348	0.8181818181818182	0.14102741866238394
ELTeC-deu_eders-d_0050	ELTeC-deu	eders-d	0050	5.0	0.6226415094339622	0.8555532113843295	0.8764019816164816	0.8658521108002127	0.8181818181818182	0.14444678861567048
ELTeC-deu_cosine-d_0100	ELTeC-deu	cosine-d	0100	2.0	0.8428290766208252	0.943148613298841	0.9513188162261641	0.9472160970893684	0.9393939393939394	0.05685138670115903
ELTeC-deu_burrows-d_0100	ELTeC-deu	burrows-d	0100	3.0	0.7205882352941176	0.8974301120567073	0.9253528609292826	0.9111776157480527	0.8787878787878788	0.10256988794329283
ELTeC-deu_eders-d_0100	ELTeC-deu	eders-d	0100	5.0	0.6029411764705882	0.8514853383232253	0.875884793291922	0.8635127421718127	0.8181818181818182	0.14851466167677463
ELTeC-deu_cosine-d_0150	ELTeC-deu	cosine-d	0150	2.0	0.8428290766208252	0.943148613298841	0.9513188162261641	0.9472160970893684	0.9393939393939394	0.05685138670115903
ELTeC-deu_burrows-d_0150	ELTeC-deu	burrows-d	0150	3.0	0.7318435754189944	0.9006232095186458	0.925597826208793	0.9129397467832705	0.8787878787878788	0.0993767904813543
ELTeC-deu_eders-d_0150	ELTeC-deu	eders-d	0150	3.0	0.7318435754189944	0.9006232095186458	0.9255978262087932	0.9129397467832704	0.8787878787878788	0.09937679048135431
ELTeC-deu_cosine-d_0200	ELTeC-deu	cosine-d	0200	2.0	0.8428290766208252	0.943148613298841	0.9513188162261641	0.9472160970893684	0.9393939393939394	0.05685138670115903
ELTeC-deu_burrows-d_0200	ELTeC-deu	burrows-d	0200	3.0	0.7799607072691552	0.9190170655007136	0.9269782243392463	0.9229804780153835	0.9090909090909091	0.0809829344992864
ELTeC-deu_eders-d_0200	ELTeC-deu	eders-d	0200	3.0	0.7318435754189944	0.9006232095186458	0.925597826208793	0.9129397467832705	0.8787878787878788	0.0993767904813543
ELTeC-deu_cosine-d_0250	ELTeC-deu	cosine-d	0250	2.0	0.8428290766208252	0.943148613298841	0.9513188162261641	0.9472160970893684	0.9393939393939394	0.05685138670115903
ELTeC-deu_burrows-d_0250	ELTeC-deu	burrows-d	0250	3.0	0.7318435754189944	0.9006232095186458	0.925597826208793	0.9129397467832705	0.8787878787878788	0.0993767904813543
ELTeC-deu_eders-d_0250	ELTeC-deu	eders-d	0250	3.0	0.7318435754189944	0.9006232095186458	0.925597826208793	0.9129397467832705	0.8787878787878788	0.0993767904813543
ELTeC-deu_cosine-d_0300	ELTeC-deu	cosine-d	0300	2.0	0.8428290766208252	0.943148613298841	0.9513188162261641	0.9472160970893684	0.9393939393939394	0.05685138670115903
ELTeC-deu_burrows-d_0300	ELTeC-deu	burrows-d	0300	3.0	0.7799607072691552	0.9190170655007136	0.9269782243392463	0.9229804780153835	0.9090909090909091	0.0809829344992864
ELTeC-deu_eders-d_0300	ELTeC-deu	eders-d	0300	3.0	0.7318435754189944	0.9006232095186458	0.925597826208793	0.9129397467832705	0.8787878787878788	0.0993767904813543
ELTeC-deu_cosine-d_0350	ELTeC-deu	cosine-d	0350	2.0	0.8428290766208252	0.943148613298841	0.9513188162261641	0.9472160970893684	0.9393939393939394	0.05685138670115903
ELTeC-deu_burrows-d_0350	ELTeC-deu	burrows-d	0350	3.0	0.7799607072691552	0.9190170655007136	0.9269782243392463	0.9229804780153835	0.9090909090909091	0.0809829344992864
ELTeC-deu_eders-d_0350	ELTeC-deu	eders-d	0350	3.0	0.7799607072691552	0.9190170655007136	0.9269782243392463	0.9229804780153835	0.9090909090909091	0.0809829344992864
ELTeC-deu_cosine-d_0400	ELTeC-deu	cosine-d	0400	2.0	0.8428290766208252	0.943148613298841	0.9513188162261641	0.9472160970893684	0.9393939393939394	0.05685138670115903
ELTeC-deu_burrows-d_0400	ELTeC-deu	burrows-d	0400	3.0	0.7318435754189944	0.9006232095186456	0.925597826208793	0.9129397467832704	0.8787878787878788	0.0993767904813543
ELTeC-deu_eders-d_0400	ELTeC-deu	eders-d	0400	3.0	0.7318435754189944	0.9006232095186458	0.925597826208793	0.9129397467832705	0.8787878787878788	0.0993767904813543
ELTeC-deu_cosine-d_0450	ELTeC-deu	cosine-d	0450	2.0	0.8428290766208252	0.943148613298841	0.9513188162261641	0.9472160970893684	0.9393939393939394	0.05685138670115903
ELTeC-deu_burrows-d_0450	ELTeC-deu	burrows-d	0450	3.0	0.7318435754189944	0.9006232095186456	0.925597826208793	0.9129397467832704	0.8787878787878788	0.0993767904813543
ELTeC-deu_eders-d_0450	ELTeC-deu	eders-d	0450	3.0	0.7318435754189944	0.9006232095186458	0.925597826208793	0.9129397467832705	0.8787878787878788	0.0993767904813543
ELTeC-deu_cosine-d_0500	ELTeC-deu	cosine-d	0500	2.0	0.8428290766208252	0.943148613298841	0.9513188162261641	0.9472160970893684	0.9393939393939394	0.05685138670115903
ELTeC-deu_burrows-d_0500	ELTeC-deu	burrows-d	0500	3.0	0.7318435754189944	0.9006232095186456	0.925597826208793	0.9129397467832704	0.8787878787878788	0.0993767904813543
ELTeC-deu_eders-d_0500	ELTeC-deu	eders-d	0500	3.0	0.7318435754189944	0.9006232095186458	0.925597826208793	0.9129397467832705	0.8787878787878788	0.0993767904813543
ELTeC-deu_cosine-d_0600	ELTeC-deu	cosine-d	0600	1.0	0.9203187250996016	0.9715743066494205	0.9757643809260153	0.9736648359117753	0.9696969696969697	0.028425693350579515
ELTeC-deu_burrows-d_0600	ELTeC-deu	burrows-d	0600	2.0	0.7676950998185118	0.9190170655007135	0.9501043259881182	0.9343021738075816	0.8787878787878788	0.0809829344992864
ELTeC-deu_eders-d_0600	ELTeC-deu	eders-d	0600	3.0	0.7318435754189944	0.9006232095186458	0.925597826208793	0.9129397467832705	0.8787878787878788	0.0993767904813543
ELTeC-deu_cosine-d_0700	ELTeC-deu	cosine-d	0700	1.0	0.9203187250996016	0.9715743066494205	0.975764380926015	0.9736648359117752	0.9696969696969697	0.028425693350579515
ELTeC-deu_burrows-d_0700	ELTeC-deu	burrows-d	0700	2.0	0.7676950998185118	0.9190170655007135	0.9501043259881182	0.9343021738075816	0.8787878787878788	0.0809829344992864
ELTeC-deu_eders-d_0700	ELTeC-deu	eders-d	0700	3.0	0.7318435754189944	0.9006232095186458	0.925597826208793	0.9129397467832705	0.8787878787878788	0.0993767904813543
ELTeC-deu_cosine-d_0800	ELTeC-deu	cosine-d	0800	1.0	0.9203187250996016	0.9715743066494205	0.9757643809260153	0.9736648359117753	0.9696969696969697	0.028425693350579515
ELTeC-deu_burrows-d_0800	ELTeC-deu	burrows-d	0800	2.0	0.8428290766208252	0.943148613298841	0.9513188162261641	0.9472160970893684	0.9393939393939394	0.05685138670115903
ELTeC-deu_eders-d_0800	ELTeC-deu	eders-d	0800	3.0	0.7318435754189944	0.9006232095186458	0.925597826208793	0.9129397467832705	0.8787878787878788	0.0993767904813543
ELTeC-deu_cosine-d_0900	ELTeC-deu	cosine-d	0900	1.0	0.9203187250996016	0.9715743066494205	0.9757643809260153	0.9736648359117753	0.9696969696969697	0.028425693350579515
ELTeC-deu_burrows-d_0900	ELTeC-deu	burrows-d	0900	2.0	0.8428290766208252	0.943148613298841	0.9513188162261641	0.9472160970893684	0.9393939393939394	0.05685138670115903
ELTeC-deu_eders-d_0900	ELTeC-deu	eders-d	0900	2.0	0.7676950998185118	0.9190170655007136	0.9501043259881182	0.9343021738075817	0.8787878787878788	0.0809829344992864
ELTeC-deu_cosine-d_1000	ELTeC-deu	cosine-d	1000	1.0	0.9203187250996016	0.9715743066494205	0.9757643809260153	0.9736648359117753	0.9696969696969697	0.028425693350579515
ELTeC-deu_burrows-d_1000	ELTeC-deu	burrows-d	1000	2.0	0.8428290766208252	0.943148613298841	0.9513188162261641	0.9472160970893684	0.9393939393939394	0.05685138670115903
ELTeC-deu_eders-d_1000	ELTeC-deu	eders-d	1000	2.0	0.7676950998185118	0.9190170655007135	0.9501043259881182	0.9343021738075816	0.8787878787878788	0.0809829344992864
ELTeC-deu_cosine-d_1200	ELTeC-deu	cosine-d	1200	0.0	1.0	1.0	1.0	1.0	1.0	0.0
ELTeC-deu_burrows-d_1200	ELTeC-deu	burrows-d	1200	2.0	0.8428290766208252	0.943148613298841	0.9513188162261641	0.9472160970893684	0.9393939393939394	0.05685138670115903
ELTeC-deu_eders-d_1200	ELTeC-deu	eders-d	1200	2.0	0.7676950998185118	0.9190170655007136	0.9501043259881182	0.9343021738075817	0.8787878787878788	0.0809829344992864
ELTeC-deu_cosine-d_1400	ELTeC-deu	cosine-d	1400	0.0	1.0	1.0	1.0	1.0	1.0	0.0
ELTeC-deu_burrows-d_1400	ELTeC-deu	burrows-d	1400	1.0	0.9203187250996016	0.9715743066494205	0.975764380926015	0.9736648359117752	0.9696969696969697	0.028425693350579515
ELTeC-deu_eders-d_1400	ELTeC-deu	eders-d	1400	2.0	0.8428290766208252	0.943148613298841	0.9513188162261641	0.9472160970893684	0.9393939393939394	0.05685138670115903
ELTeC-deu_cosine-d_1600	ELTeC-deu	cosine-d	1600	0.0	1.0	1.0	1.0	1.0	1.0	0.0
ELTeC-deu_burrows-d_1600	ELTeC-deu	burrows-d	1600	1.0	0.9203187250996016	0.9715743066494205	0.975764380926015	0.9736648359117752	0.9696969696969697	0.028425693350579515
ELTeC-deu_eders-d_1600	ELTeC-deu	eders-d	1600	2.0	0.8428290766208252	0.943148613298841	0.9513188162261641	0.9472160970893684	0.9393939393939394	0.05685138670115903
ELTeC-deu_cosine-d_1800	ELTeC-deu	cosine-d	1800	0.0	1.0	1.0	1.0	1.0	1.0	0.0
ELTeC-deu_burrows-d_1800	ELTeC-deu	burrows-d	1800	1.0	0.9203187250996016	0.9715743066494205	0.975764380926015	0.9736648359117752	0.9696969696969697	0.028425693350579515
ELTeC-deu_eders-d_1800	ELTeC-deu	eders-d	1800	2.0	0.8428290766208252	0.943148613298841	0.9513188162261641	0.9472160970893684	0.9393939393939394	0.05685138670115903
ELTeC-deu_cosine-d_2000	ELTeC-deu	cosine-d	2000	0.0	1.0	1.0	1.0	1.0	1.0	0.0
ELTeC-deu_burrows-d_2000	ELTeC-deu	burrows-d	2000	1.0	0.9203187250996016	0.9715743066494205	0.9757643809260153	0.9736648359117753	0.9696969696969697	0.028425693350579515
ELTeC-deu_eders-d_2000	ELTeC-deu	eders-d	2000	2.0	0.8428290766208252	0.943148613298841	0.9513188162261641	0.9472160970893684	0.9393939393939394	0.05685138670115903
ELTeC-deu_cosine-d_2500	ELTeC-deu	cosine-d	2500	0.0	1.0	1.0	1.0	1.0	1.0	0.0
ELTeC-deu_burrows-d_2500	ELTeC-deu	burrows-d	2500	1.0	0.9203187250996016	0.9715743066494205	0.9757643809260153	0.9736648359117753	0.9696969696969697	0.028425693350579515
ELTeC-deu_eders-d_2500	ELTeC-deu	eders-d	2500	1.0	0.9203187250996016	0.9715743066494205	0.9757643809260153	0.9736648359117753	0.9696969696969697	0.028425693350579515
ELTeC-deu_cosine-d_3000	ELTeC-deu	cosine-d	3000	0.0	1.0	1.0	1.0	1.0	1.0	0.0
ELTeC-deu_burrows-d_3000	ELTeC-deu	burrows-d	3000	1.0	0.9203187250996016	0.9715743066494205	0.9757643809260153	0.9736648359117753	0.9696969696969697	0.028425693350579515
ELTeC-deu_eders-d_3000	ELTeC-deu	eders-d	3000	1.0	0.9203187250996016	0.9715743066494205	0.9757643809260153	0.9736648359117753	0.9696969696969697	0.028425693350579515
ELTeC-deu_cosine-d_3500	ELTeC-deu	cosine-d	3500	0.0	1.0	1.0	1.0	1.0	1.0	0.0
ELTeC-deu_burrows-d_3500	ELTeC-deu	burrows-d	3500	1.0	0.9203187250996016	0.9715743066494205	0.9757643809260153	0.9736648359117753	0.9696969696969697	0.028425693350579515
ELTeC-deu_eders-d_3500	ELTeC-deu	eders-d	3500	1.0	0.9203187250996016	0.9715743066494205	0.9757643809260153	0.9736648359117753	0.9696969696969697	0.028425693350579515
ELTeC-deu_cosine-d_4000	ELTeC-deu	cosine-d	4000	0.0	1.0	1.0	1.0	1.0	1.0	0.0
ELTeC-deu_burrows-d_4000	ELTeC-deu	burrows-d	4000	1.0	0.9203187250996016	0.9715743066494205	0.9757643809260153	0.9736648359117753	0.9696969696969697	0.028425693350579515
ELTeC-deu_eders-d_4000	ELTeC-deu	eders-d	4000	1.0	0.9203187250996016	0.9715743066494205	0.9757643809260153	0.9736648359117753	0.9696969696969697	0.028425693350579515
ELTeC-deu_cosine-d_4500	ELTeC-deu	cosine-d	4500	0.0	1.0	1.0	1.0	1.0	1.0	0.0
ELTeC-deu_burrows-d_4500	ELTeC-deu	burrows-d	4500	0.0	1.0	1.0	1.0	1.0	1.0	0.0
ELTeC-deu_eders-d_4500	ELTeC-deu	eders-d	4500	1.0	0.9203187250996016	0.9715743066494205	0.9757643809260153	0.9736648359117753	0.9696969696969697	0.028425693350579515
ELTeC-deu_cosine-d_5000	ELTeC-deu	cosine-d	5000	0.0	1.0	1.0	1.0	1.0	1.0	0.0
ELTeC-deu_burrows-d_5000	ELTeC-deu	burrows-d	5000	0.0	1.0	1.0	1.0	1.0	1.0	0.0
ELTeC-deu_eders-d_5000	ELTeC-deu	eders-d	5000	1.0	0.9203187250996016	0.9715743066494205	0.9757643809260153	0.9736648359117753	0.9696969696969697	0.028425693350579515
ELTeC-rom_cosine-d_0010	ELTeC-rom	cosine-d	0010	5.0	0.5162523900573613	0.7950710069143961	0.806047243200796	0.8005215020516107	0.75	0.20492899308560372
ELTeC-rom_burrows-d_0010	ELTeC-rom	burrows-d	0010	5.0	0.4045307443365696	0.7276438822994886	0.7918162205916915	0.7583749355744813	0.7083333333333334	0.27235611770051127
ELTeC-rom_eders-d_0010	ELTeC-rom	eders-d	0010	4.0	0.5490196078431372	0.8041685351373626	0.8401102662840674	0.8217465816715395	0.7916666666666666	0.19583146486263717
ELTeC-rom_cosine-d_0020	ELTeC-rom	cosine-d	0020	2.0	0.7130124777183601	0.888888888888889	0.920733810403156	0.9045311533855958	0.8333333333333334	0.11111111111111112
ELTeC-rom_burrows-d_0020	ELTeC-rom	burrows-d	0020	3.0	0.6170026292725679	0.8438178819744926	0.8802562099368345	0.8616519836921215	0.7916666666666666	0.15618211802550738
ELTeC-rom_eders-d_0020	ELTeC-rom	eders-d	0020	4.0	0.5241379310344827	0.7922969660780108	0.8381023861322066	0.814556233594077	0.7916666666666666	0.20770303392198913
ELTeC-rom_cosine-d_0030	ELTeC-rom	cosine-d	0030	4.0	0.5896713615023474	0.8282704447694406	0.8440372716371852	0.8360795319214216	0.7916666666666666	0.17172955523055947
ELTeC-rom_burrows-d_0030	ELTeC-rom	burrows-d	0030	4.0	0.6042065009560229	0.8333333333333334	0.8448377945606369	0.8390461303558779	0.8333333333333334	0.16666666666666666
ELTeC-rom_eders-d_0030	ELTeC-rom	eders-d	0030	4.0	0.5756457564575646	0.821461764273981	0.8429475965997557	0.8320660003135815	0.7916666666666666	0.17853823572601868
ELTeC-rom_cosine-d_0040	ELTeC-rom	cosine-d	0040	1.0	0.7782646801051709	0.9166666666666666	0.9599317575484829	0.9378004724558576	0.875	0.08333333333333334
ELTeC-rom_burrows-d_0040	ELTeC-rom	burrows-d	0040	3.0	0.7088607594936709	0.8784043402477296	0.8844261150871986	0.8814049425682626	0.875	0.1215956597522704
ELTeC-rom_eders-d_0040	ELTeC-rom	eders-d	0040	4.0	0.5896713615023474	0.8282704447694406	0.8440372716371852	0.8360795319214216	0.7916666666666666	0.17172955523055947
ELTeC-rom_cosine-d_0050	ELTeC-rom	cosine-d	0050	3.0	0.7088607594936709	0.8784043402477296	0.8844261150871986	0.8814049425682626	0.875	0.1215956597522704
ELTeC-rom_burrows-d_0050	ELTeC-rom	burrows-d	0050	3.0	0.7088607594936709	0.8784043402477296	0.8844261150871986	0.8814049425682626	0.875	0.1215956597522704
ELTeC-rom_eders-d_0050	ELTeC-rom	eders-d	0050	4.0	0.5896713615023474	0.8282704447694405	0.8440372716371851	0.8360795319214214	0.7916666666666666	0.17172955523055947
ELTeC-rom_cosine-d_0100	ELTeC-rom	cosine-d	0100	2.0	0.7130124777183601	0.8888888888888888	0.9207338104031559	0.9045311533855956	0.8333333333333334	0.11111111111111112
ELTeC-rom_burrows-d_0100	ELTeC-rom	burrows-d	0100	3.0	0.7088607594936709	0.8784043402477296	0.8844261150871986	0.8814049425682626	0.875	0.1215956597522704
ELTeC-rom_eders-d_0100	ELTeC-rom	eders-d	0100	3.0	0.7088607594936709	0.8784043402477296	0.8844261150871986	0.8814049425682626	0.875	0.1215956597522704
ELTeC-rom_cosine-d_0150	ELTeC-rom	cosine-d	0150	3.0	0.7088607594936709	0.8784043402477296	0.8844261150871986	0.8814049425682626	0.875	0.1215956597522704
ELTeC-rom_burrows-d_0150	ELTeC-rom	burrows-d	0150	3.0	0.7088607594936709	0.8784043402477296	0.8844261150871986	0.8814049425682626	0.875	0.1215956597522704
ELTeC-rom_eders-d_0150	ELTeC-rom	eders-d	0150	3.0	0.7088607594936709	0.8784043402477296	0.8844261150871986	0.8814049425682626	0.875	0.1215956597522704
ELTeC-rom_cosine-d_0200	ELTeC-rom	cosine-d	0200	3.0	0.7088607594936709	0.8784043402477296	0.8844261150871986	0.8814049425682626	0.875	0.1215956597522704
ELTeC-rom_burrows-d_0200	ELTeC-rom	burrows-d	0200	3.0	0.7088607594936709	0.8784043402477296	0.8844261150871986	0.8814049425682626	0.875	0.1215956597522704
ELTeC-rom_eders-d_0200	ELTeC-rom	eders-d	0200	3.0	0.7088607594936709	0.8784043402477296	0.8844261150871986	0.8814049425682626	0.875	0.1215956597522704
ELTeC-rom_cosine-d_0250	ELTeC-rom	cosine-d	0250	2.0	0.7130124777183601	0.8888888888888888	0.9207338104031559	0.9045311533855956	0.8333333333333334	0.11111111111111112
ELTeC-rom_burrows-d_0250	ELTeC-rom	burrows-d	0250	3.0	0.7088607594936709	0.8784043402477296	0.8844261150871986	0.8814049425682626	0.875	0.1215956597522704
ELTeC-rom_eders-d_0250	ELTeC-rom	eders-d	0250	3.0	0.7088607594936709	0.8784043402477296	0.8844261150871986	0.8814049425682626	0.875	0.1215956597522704
ELTeC-rom_cosine-d_0300	ELTeC-rom	cosine-d	0300	2.0	0.7130124777183601	0.8888888888888888	0.9207338104031559	0.9045311533855956	0.8333333333333334	0.11111111111111112
ELTeC-rom_burrows-d_0300	ELTeC-rom	burrows-d	0300	3.0	0.7088607594936709	0.8784043402477296	0.8844261150871986	0.8814049425682626	0.875	0.1215956597522704
ELTeC-rom_eders-d_0300	ELTeC-rom	eders-d	0300	3.0	0.7088607594936709	0.8784043402477296	0.8844261150871986	0.8814049425682626	0.875	0.1215956597522704
ELTeC-rom_cosine-d_0350	ELTeC-rom	cosine-d	0350	2.0	0.7130124777183601	0.8888888888888888	0.9207338104031559	0.9045311533855956	0.8333333333333334	0.11111111111111112
ELTeC-rom_burrows-d_0350	ELTeC-rom	burrows-d	0350	3.0	0.7088607594936709	0.8784043402477296	0.8844261150871986	0.8814049425682626	0.875	0.1215956597522704
ELTeC-rom_eders-d_0350	ELTeC-rom	eders-d	0350	3.0	0.7088607594936709	0.8784043402477296	0.8844261150871986	0.8814049425682626	0.875	0.1215956597522704
ELTeC-rom_cosine-d_0400	ELTeC-rom	cosine-d	0400	2.0	0.7130124777183601	0.8888888888888888	0.9207338104031559	0.9045311533855956	0.8333333333333334	0.11111111111111112
ELTeC-rom_burrows-d_0400	ELTeC-rom	burrows-d	0400	2.0	0.6827586206896552	0.8715956597522704	0.9192880356831313	0.8948068085111549	0.8333333333333334	0.12840434024772962
ELTeC-rom_eders-d_0400	ELTeC-rom	eders-d	0400	3.0	0.7088607594936709	0.8784043402477296	0.8844261150871986	0.8814049425682626	0.875	0.1215956597522704
ELTeC-rom_cosine-d_0450	ELTeC-rom	cosine-d	0450	2.0	0.7130124777183601	0.8888888888888888	0.9207338104031562	0.9045311533855958	0.8333333333333334	0.11111111111111112
ELTeC-rom_burrows-d_0450	ELTeC-rom	burrows-d	0450	2.0	0.6827586206896552	0.8715956597522704	0.9192880356831313	0.8948068085111549	0.8333333333333334	0.12840434024772962
ELTeC-rom_eders-d_0450	ELTeC-rom	eders-d	0450	3.0	0.7088607594936709	0.8784043402477296	0.8844261150871986	0.8814049425682626	0.875	0.1215956597522704
ELTeC-rom_cosine-d_0500	ELTeC-rom	cosine-d	0500	2.0	0.7130124777183601	0.8888888888888888	0.9207338104031562	0.9045311533855958	0.8333333333333334	0.11111111111111112
ELTeC-rom_burrows-d_0500	ELTeC-rom	burrows-d	0500	2.0	0.6028257456828885	0.8333333333333334	0.9158938493688459	0.8726652341349844	0.75	0.16666666666666669
ELTeC-rom_eders-d_0500	ELTeC-rom	eders-d	0500	3.0	0.7088607594936709	0.8784043402477296	0.8844261150871986	0.8814049425682626	0.875	0.1215956597522704
ELTeC-rom_cosine-d_0600	ELTeC-rom	cosine-d	0600	2.0	0.7130124777183601	0.8888888888888888	0.9207338104031562	0.9045311533855958	0.8333333333333334	0.11111111111111112
ELTeC-rom_burrows-d_0600	ELTeC-rom	burrows-d	0600	2.0	0.7130124777183601	0.8888888888888888	0.9207338104031559	0.9045311533855956	0.8333333333333334	0.11111111111111112
ELTeC-rom_eders-d_0600	ELTeC-rom	eders-d	0600	3.0	0.7088607594936709	0.8784043402477296	0.8844261150871986	0.8814049425682626	0.875	0.1215956597522704
ELTeC-rom_cosine-d_0700	ELTeC-rom	cosine-d	0700	2.0	0.7130124777183601	0.8888888888888888	0.9207338104031562	0.9045311533855958	0.8333333333333334	0.11111111111111112
ELTeC-rom_burrows-d_0700	ELTeC-rom	burrows-d	0700	2.0	0.6028257456828885	0.8333333333333334	0.9158938493688459	0.8726652341349844	0.75	0.16666666666666669
ELTeC-rom_eders-d_0700	ELTeC-rom	eders-d	0700	2.0	0.6827586206896552	0.8715956597522704	0.9192880356831313	0.8948068085111549	0.8333333333333334	0.12840434024772962
ELTeC-rom_cosine-d_0800	ELTeC-rom	cosine-d	0800	2.0	0.7130124777183601	0.8888888888888888	0.9207338104031559	0.9045311533855956	0.8333333333333334	0.11111111111111112
ELTeC-rom_burrows-d_0800	ELTeC-rom	burrows-d	0800	2.0	0.6028257456828885	0.8333333333333334	0.9158938493688459	0.8726652341349844	0.75	0.16666666666666669
ELTeC-rom_eders-d_0800	ELTeC-rom	eders-d	0800	2.0	0.7130124777183601	0.8888888888888888	0.9207338104031559	0.9045311533855956	0.8333333333333334	0.11111111111111112
ELTeC-rom_cosine-d_0900	ELTeC-rom	cosine-d	0900	2.0	0.7130124777183601	0.8888888888888888	0.9207338104031559	0.9045311533855956	0.8333333333333334	0.11111111111111112
ELTeC-rom_burrows-d_0900	ELTeC-rom	burrows-d	0900	2.0	0.6028257456828885	0.8333333333333334	0.9158938493688459	0.8726652341349844	0.75	0.16666666666666669
ELTeC-rom_eders-d_0900	ELTeC-rom	eders-d	0900	2.0	0.7130124777183601	0.8888888888888888	0.9207338104031559	0.9045311533855956	0.8333333333333334	0.11111111111111112
ELTeC-rom_cosine-d_1000	ELTeC-rom	cosine-d	1000	2.0	0.7130124777183601	0.8888888888888888	0.9207338104031559	0.9045311533855956	0.8333333333333334	0.11111111111111112
ELTeC-rom_burrows-d_1000	ELTeC-rom	burrows-d	1000	2.0	0.6028257456828885	0.8333333333333334	0.9158938493688459	0.8726652341349844	0.75	0.16666666666666669
ELTeC-rom_eders-d_1000	ELTeC-rom	eders-d	1000	2.0	0.7130124777183601	0.8888888888888888	0.9207338104031559	0.9045311533855956	0.8333333333333334	0.11111111111111112
ELTeC-rom_cosine-d_1200	ELTeC-rom	cosine-d	1200	2.0	0.7130124777183601	0.8888888888888888	0.9207338104031559	0.9045311533855956	0.8333333333333334	0.11111111111111112
ELTeC-rom_burrows-d_1200	ELTeC-rom	burrows-d	1200	2.0	0.6028257456828885	0.8333333333333333	0.9158938493688458	0.8726652341349844	0.75	0.16666666666666669
ELTeC-rom_eders-d_1200	ELTeC-rom	eders-d	1200	2.0	0.6028257456828885	0.8333333333333334	0.9158938493688459	0.8726652341349844	0.75	0.16666666666666669
ELTeC-rom_cosine-d_1400	ELTeC-rom	cosine-d	1400	2.0	0.7130124777183601	0.8888888888888888	0.9207338104031559	0.9045311533855956	0.8333333333333334	0.11111111111111112
ELTeC-rom_burrows-d_1400	ELTeC-rom	burrows-d	1400	2.0	0.6028257456828885	0.8333333333333333	0.9158938493688458	0.8726652341349844	0.75	0.16666666666666669
ELTeC-rom_eders-d_1400	ELTeC-rom	eders-d	1400	2.0	0.6028257456828885	0.8333333333333334	0.9158938493688459	0.8726652341349844	0.75	0.16666666666666669
ELTeC-rom_cosine-d_1600	ELTeC-rom	cosine-d	1600	2.0	0.7130124777183601	0.8888888888888888	0.9207338104031562	0.9045311533855958	0.8333333333333334	0.11111111111111112
ELTeC-rom_burrows-d_1600	ELTeC-rom	burrows-d	1600	2.0	0.7130124777183601	0.8888888888888888	0.9207338104031562	0.9045311533855958	0.8333333333333334	0.11111111111111112
ELTeC-rom_eders-d_1600	ELTeC-rom	eders-d	1600	2.0	0.6028257456828885	0.8333333333333334	0.9158938493688459	0.8726652341349844	0.75	0.16666666666666669
ELTeC-rom_cosine-d_1800	ELTeC-rom	cosine-d	1800	2.0	0.7130124777183601	0.8888888888888888	0.9207338104031562	0.9045311533855958	0.8333333333333334	0.11111111111111112
ELTeC-rom_burrows-d_1800	ELTeC-rom	burrows-d	1800	2.0	0.7130124777183601	0.8888888888888888	0.9207338104031562	0.9045311533855958	0.8333333333333334	0.11111111111111112
ELTeC-rom_eders-d_1800	ELTeC-rom	eders-d	1800	2.0	0.6028257456828885	0.8333333333333333	0.9158938493688458	0.8726652341349844	0.75	0.16666666666666669
ELTeC-rom_cosine-d_2000	ELTeC-rom	cosine-d	2000	2.0	0.7130124777183601	0.8888888888888888	0.9207338104031562	0.9045311533855958	0.8333333333333334	0.11111111111111112
ELTeC-rom_burrows-d_2000	ELTeC-rom	burrows-d	2000	2.0	0.7130124777183601	0.8888888888888888	0.9207338104031562	0.9045311533855958	0.8333333333333334	0.11111111111111112
ELTeC-rom_eders-d_2000	ELTeC-rom	eders-d	2000	2.0	0.6028257456828885	0.8333333333333333	0.9158938493688458	0.8726652341349844	0.75	0.16666666666666669
ELTeC-rom_cosine-d_2500	ELTeC-rom	cosine-d	2500	2.0	0.7130124777183601	0.8888888888888888	0.9207338104031562	0.9045311533855958	0.8333333333333334	0.11111111111111112
ELTeC-rom_burrows-d_2500	ELTeC-rom	burrows-d	2500	2.0	0.7130124777183601	0.8888888888888888	0.9207338104031562	0.9045311533855958	0.8333333333333334	0.11111111111111112
ELTeC-rom_eders-d_2500	ELTeC-rom	eders-d	2500	2.0	0.7130124777183601	0.8888888888888888	0.9207338104031562	0.9045311533855958	0.8333333333333334	0.11111111111111112
ELTeC-rom_cosine-d_3000	ELTeC-rom	cosine-d	3000	2.0	0.7130124777183601	0.8888888888888888	0.9207338104031562	0.9045311533855958	0.8333333333333334	0.11111111111111112
ELTeC-rom_burrows-d_3000	ELTeC-rom	burrows-d	3000	2.0	0.7130124777183601	0.8888888888888888	0.9207338104031562	0.9045311533855958	0.8333333333333334	0.11111111111111112
ELTeC-rom_eders-d_3000	ELTeC-rom	eders-d	3000	2.0	0.7130124777183601	0.8888888888888888	0.9207338104031562	0.9045311533855958	0.8333333333333334	0.11111111111111112
ELTeC-rom_cosine-d_3500	ELTeC-rom	cosine-d	3500	2.0	0.7130124777183601	0.8888888888888888	0.9207338104031559	0.9045311533855956	0.8333333333333334	0.11111111111111112
ELTeC-rom_burrows-d_3500	ELTeC-rom	burrows-d	3500	2.0	0.7130124777183601	0.8888888888888888	0.9207338104031562	0.9045311533855958	0.8333333333333334	0.11111111111111112
ELTeC-rom_eders-d_3500	ELTeC-rom	eders-d	3500	2.0	0.7130124777183601	0.8888888888888888	0.9207338104031562	0.9045311533855958	0.8333333333333334	0.11111111111111112
ELTeC-rom_cosine-d_4000	ELTeC-rom	cosine-d	4000	2.0	0.7130124777183601	0.8888888888888888	0.9207338104031559	0.9045311533855956	0.8333333333333334	0.11111111111111112
ELTeC-rom_burrows-d_4000	ELTeC-rom	burrows-d	4000	2.0	0.7130124777183601	0.8888888888888888	0.9207338104031562	0.9045311533855958	0.8333333333333334	0.11111111111111112
ELTeC-rom_eders-d_4000	ELTeC-rom	eders-d	4000	2.0	0.7130124777183601	0.8888888888888888	0.9207338104031562	0.9045311533855958	0.8333333333333334	0.11111111111111112
ELTeC-rom_cosine-d_4500	ELTeC-rom	cosine-d	4500	2.0	0.7130124777183601	0.8888888888888888	0.9207338104031562	0.9045311533855958	0.8333333333333334	0.11111111111111112
ELTeC-rom_burrows-d_4500	ELTeC-rom	burrows-d	4500	2.0	0.7130124777183601	0.8888888888888888	0.9207338104031562	0.9045311533855958	0.8333333333333334	0.11111111111111112
ELTeC-rom_eders-d_4500	ELTeC-rom	eders-d	4500	2.0	0.7130124777183601	0.8888888888888888	0.9207338104031562	0.9045311533855958	0.8333333333333334	0.11111111111111112
ELTeC-rom_cosine-d_5000	ELTeC-rom	cosine-d	5000	2.0	0.7130124777183601	0.8888888888888888	0.9207338104031559	0.9045311533855956	0.8333333333333334	0.11111111111111112
ELTeC-rom_burrows-d_5000	ELTeC-rom	burrows-d	5000	2.0	0.7130124777183601	0.8888888888888888	0.9207338104031562	0.9045311533855958	0.8333333333333334	0.11111111111111112
ELTeC-rom_eders-d_5000	ELTeC-rom	eders-d	5000	2.0	0.7130124777183601	0.8888888888888888	0.9207338104031562	0.9045311533855958	0.8333333333333334	0.11111111111111112
ELTeC-por_cosine-d_0010	ELTeC-por	cosine-d	0010	5.0	0.5222101841820151	0.8096945381489584	0.8268273158123275	0.8181712452969697	0.7857142857142857	0.1898958060590037
ELTeC-por_burrows-d_0010	ELTeC-por	burrows-d	0010	6.0	0.45473684210526316	0.7378332395560179	0.8055467245987954	0.7702045681925798	0.7142857142857143	0.2616024144139155
ELTeC-por_eders-d_0010	ELTeC-por	eders-d	0010	6.0	0.4329701563240171	0.7430766631471055	0.8018356027288142	0.7713387190054576	0.6785714285714286	0.25637027793368267
ELTeC-por_cosine-d_0020	ELTeC-por	cosine-d	0020	4.0	0.6134969325153374	0.8518698894009903	0.8601713489020754	0.8560004928168669	0.8214285714285714	0.14781124241103527
ELTeC-por_burrows-d_0020	ELTeC-por	burrows-d	0020	3.0	0.7476635514018691	0.8859633501550274	0.9126534180793375	0.8991103542371142	0.8928571428571429	0.11379117200288025
ELTeC-por_eders-d_0020	ELTeC-por	eders-d	0020	5.0	0.45030857629282833	0.7541468336047747	0.8368721731517814	0.7933588434005829	0.75	0.24532393737244795
ELTeC-por_cosine-d_0030	ELTeC-por	cosine-d	0030	2.0	0.809563066776587	0.9226036161782247	0.9368303425893834	0.9296625542875473	0.9285714285714286	0.07722977863552918
ELTeC-por_burrows-d_0030	ELTeC-por	burrows-d	0030	3.0	0.7014218009478673	0.8719048997376834	0.9033220409442885	0.8873354673603595	0.8571428571428571	0.1278193598855364
ELTeC-por_eders-d_0030	ELTeC-por	eders-d	0030	3.0	0.7476635514018691	0.8859633501550274	0.9126534180793375	0.8991103542371142	0.8928571428571429	0.11379117200288023
ELTeC-por_cosine-d_0040	ELTeC-por	cosine-d	0040	3.0	0.7189068600111546	0.8900792019304085	0.900042829471865	0.8950332874591389	0.8928571428571429	0.10968418010205315
ELTeC-por_burrows-d_0040	ELTeC-por	burrows-d	0040	2.0	0.7546091924175539	0.9011493723880778	0.9354235397280752	0.9179666433952901	0.8928571428571429	0.09863783954081837
ELTeC-por_eders-d_0040	ELTeC-por	eders-d	0040	2.0	0.7546091924175539	0.9011493723880779	0.9354235397280751	0.9179666433952901	0.8928571428571429	0.09863783954081837
ELTeC-por_cosine-d_0050	ELTeC-por	cosine-d	0050	2.0	0.809563066776587	0.9226036161782245	0.9368303425893831	0.9296625542875471	0.9285714285714286	0.07722977863552918
ELTeC-por_burrows-d_0050	ELTeC-por	burrows-d	0050	2.0	0.7546091924175539	0.9011493723880779	0.9354235397280751	0.9179666433952901	0.8928571428571429	0.09863783954081837
ELTeC-por_eders-d_0050	ELTeC-por	eders-d	0050	2.0	0.7546091924175539	0.9011493723880779	0.9354235397280751	0.9179666433952901	0.8928571428571429	0.09863783954081837
ELTeC-por_cosine-d_0100	ELTeC-por	cosine-d	0100	1.0	0.9108406453439004	0.963359733976803	0.9687216911000626	0.9660332722246296	0.9642857142857143	0.03656139336735105
ELTeC-por_burrows-d_0100	ELTeC-por	burrows-d	0100	1.0	0.9108406453439004	0.9633597339768027	0.9687216911000623	0.9660332722246294	0.9642857142857143	0.03656139336735105
ELTeC-por_eders-d_0100	ELTeC-por	eders-d	0100	2.0	0.7546091924175539	0.9011493723880779	0.9354235397280753	0.9179666433952903	0.8928571428571429	0.09863783954081835
ELTeC-por_cosine-d_0150	ELTeC-por	cosine-d	0150	1.0	0.9108406453439004	0.963359733976803	0.9687216911000626	0.9660332722246296	0.9642857142857143	0.03656139336735105
ELTeC-por_burrows-d_0150	ELTeC-por	burrows-d	0150	2.0	0.7546091924175539	0.9011493723880779	0.9354235397280753	0.9179666433952903	0.8928571428571429	0.09863783954081835
ELTeC-por_eders-d_0150	ELTeC-por	eders-d	0150	2.0	0.7546091924175539	0.9011493723880781	0.9354235397280753	0.9179666433952903	0.8928571428571429	0.09863783954081835
ELTeC-por_cosine-d_0200	ELTeC-por	cosine-d	0200	1.0	0.9108406453439004	0.9633597339768027	0.9687216911000623	0.9660332722246294	0.9642857142857143	0.03656139336735105
ELTeC-por_burrows-d_0200	ELTeC-por	burrows-d	0200	2.0	0.8243167875069716	0.9267194679536058	0.9370932499654547	0.9318774892796009	0.9285714285714286	0.0731227867347021
ELTeC-por_eders-d_0200	ELTeC-por	eders-d	0200	2.0	0.7546091924175539	0.9011493723880781	0.9354235397280753	0.9179666433952903	0.8928571428571429	0.09863783954081835
ELTeC-por_cosine-d_0250	ELTeC-por	cosine-d	0250	2.0	0.809563066776587	0.9226036161782245	0.9368303425893831	0.9296625542875471	0.9285714285714286	0.07722977863552921
ELTeC-por_burrows-d_0250	ELTeC-por	burrows-d	0250	2.0	0.7546091924175539	0.9011493723880779	0.9354235397280753	0.9179666433952903	0.8928571428571429	0.09863783954081835
ELTeC-por_eders-d_0250	ELTeC-por	eders-d	0250	2.0	0.7546091924175539	0.9011493723880781	0.9354235397280753	0.9179666433952903	0.8928571428571429	0.09863783954081835
ELTeC-por_cosine-d_0300	ELTeC-por	cosine-d	0300	2.0	0.809563066776587	0.9226036161782245	0.9368303425893831	0.9296625542875471	0.9285714285714286	0.07722977863552921
ELTeC-por_burrows-d_0300	ELTeC-por	burrows-d	0300	2.0	0.7546091924175539	0.9011493723880779	0.9354235397280753	0.9179666433952903	0.8928571428571429	0.09863783954081835
ELTeC-por_eders-d_0300	ELTeC-por	eders-d	0300	2.0	0.7546091924175539	0.9011493723880779	0.9354235397280753	0.9179666433952903	0.8928571428571429	0.09863783954081835
ELTeC-por_cosine-d_0350	ELTeC-por	cosine-d	0350	2.0	0.809563066776587	0.9226036161782245	0.9368303425893831	0.9296625542875471	0.9285714285714286	0.07722977863552921
ELTeC-por_burrows-d_0350	ELTeC-por	burrows-d	0350	2.0	0.7546091924175539	0.9011493723880779	0.9354235397280753	0.9179666433952903	0.8928571428571429	0.09863783954081835
ELTeC-por_eders-d_0350	ELTeC-por	eders-d	0350	2.0	0.7546091924175539	0.9011493723880779	0.9354235397280753	0.9179666433952903	0.8928571428571429	0.09863783954081835
ELTeC-por_cosine-d_0400	ELTeC-por	cosine-d	0400	2.0	0.809563066776587	0.9226036161782245	0.9368303425893831	0.9296625542875471	0.9285714285714286	0.07722977863552921
ELTeC-por_burrows-d_0400	ELTeC-por	burrows-d	0400	2.0	0.7546091924175539	0.9011493723880779	0.9354235397280753	0.9179666433952903	0.8928571428571429	0.09863783954081835
ELTeC-por_eders-d_0400	ELTeC-por	eders-d	0400	2.0	0.7546091924175539	0.9011493723880779	0.9354235397280753	0.9179666433952903	0.8928571428571429	0.09863783954081835
ELTeC-por_cosine-d_0450	ELTeC-por	cosine-d	0450	2.0	0.809563066776587	0.9226036161782245	0.9368303425893831	0.9296625542875471	0.9285714285714286	0.07722977863552921
ELTeC-por_burrows-d_0450	ELTeC-por	burrows-d	0450	1.0	0.9108406453439004	0.9633597339768027	0.9687216911000626	0.9660332722246294	0.9642857142857143	0.03656139336735105
ELTeC-por_eders-d_0450	ELTeC-por	eders-d	0450	1.0	0.9108406453439004	0.9633597339768027	0.9687216911000623	0.9660332722246294	0.9642857142857143	0.03656139336735105
ELTeC-por_cosine-d_0500	ELTeC-por	cosine-d	0500	2.0	0.809563066776587	0.9226036161782245	0.9368303425893831	0.9296625542875471	0.9285714285714286	0.07722977863552921
ELTeC-por_burrows-d_0500	ELTeC-por	burrows-d	0500	2.0	0.809563066776587	0.9226036161782245	0.9368303425893831	0.9296625542875471	0.9285714285714286	0.07722977863552921
ELTeC-por_eders-d_0500	ELTeC-por	eders-d	0500	1.0	0.9108406453439004	0.9633597339768027	0.9687216911000623	0.9660332722246294	0.9642857142857143	0.03656139336735105
ELTeC-por_cosine-d_0600	ELTeC-por	cosine-d	0600	2.0	0.809563066776587	0.9226036161782245	0.9368303425893831	0.9296625542875471	0.9285714285714286	0.07722977863552921
ELTeC-por_burrows-d_0600	ELTeC-por	burrows-d	0600	2.0	0.7546091924175539	0.9011493723880779	0.9354235397280753	0.9179666433952903	0.8928571428571429	0.09863783954081835
ELTeC-por_eders-d_0600	ELTeC-por	eders-d	0600	1.0	0.9108406453439004	0.9633597339768027	0.9687216911000626	0.9660332722246294	0.9642857142857143	0.03656139336735105
ELTeC-por_cosine-d_0700	ELTeC-por	cosine-d	0700	2.0	0.809563066776587	0.9226036161782247	0.9368303425893834	0.9296625542875473	0.9285714285714286	0.07722977863552921
ELTeC-por_burrows-d_0700	ELTeC-por	burrows-d	0700	2.0	0.7546091924175539	0.9011493723880779	0.9354235397280753	0.9179666433952903	0.8928571428571429	0.09863783954081835
ELTeC-por_eders-d_0700	ELTeC-por	eders-d	0700	2.0	0.7546091924175539	0.9011493723880779	0.9354235397280753	0.9179666433952903	0.8928571428571429	0.09863783954081835
ELTeC-por_cosine-d_0800	ELTeC-por	cosine-d	0800	2.0	0.809563066776587	0.9226036161782245	0.9368303425893831	0.9296625542875471	0.9285714285714286	0.07722977863552921
ELTeC-por_burrows-d_0800	ELTeC-por	burrows-d	0800	2.0	0.7546091924175539	0.9011493723880779	0.9354235397280753	0.9179666433952903	0.8928571428571429	0.09863783954081835
ELTeC-por_eders-d_0800	ELTeC-por	eders-d	0800	2.0	0.7546091924175539	0.9011493723880779	0.9354235397280753	0.9179666433952903	0.8928571428571429	0.09863783954081835
ELTeC-por_cosine-d_0900	ELTeC-por	cosine-d	0900	2.0	0.809563066776587	0.9226036161782247	0.9368303425893834	0.9296625542875473	0.9285714285714286	0.07722977863552921
ELTeC-por_burrows-d_0900	ELTeC-por	burrows-d	0900	2.0	0.7546091924175539	0.9011493723880779	0.9354235397280753	0.9179666433952903	0.8928571428571429	0.09863783954081835
ELTeC-por_eders-d_0900	ELTeC-por	eders-d	0900	2.0	0.7546091924175539	0.9011493723880779	0.9354235397280753	0.9179666433952903	0.8928571428571429	0.09863783954081835
ELTeC-por_cosine-d_1000	ELTeC-por	cosine-d	1000	1.0	0.9108406453439004	0.963359733976803	0.9687216911000626	0.9660332722246296	0.9642857142857143	0.03656139336735105
ELTeC-por_burrows-d_1000	ELTeC-por	burrows-d	1000	2.0	0.7546091924175539	0.9011493723880779	0.9354235397280753	0.9179666433952903	0.8928571428571429	0.09863783954081835
ELTeC-por_eders-d_1000	ELTeC-por	eders-d	1000	2.0	0.7546091924175539	0.9011493723880779	0.9354235397280753	0.9179666433952903	0.8928571428571429	0.09863783954081835
ELTeC-por_cosine-d_1200	ELTeC-por	cosine-d	1200	2.0	0.809563066776587	0.9226036161782247	0.9368303425893834	0.9296625542875473	0.9285714285714286	0.07722977863552921
ELTeC-por_burrows-d_1200	ELTeC-por	burrows-d	1200	2.0	0.7546091924175539	0.9011493723880779	0.9354235397280753	0.9179666433952903	0.8928571428571429	0.09863783954081835
ELTeC-por_eders-d_1200	ELTeC-por	eders-d	1200	2.0	0.7546091924175539	0.9011493723880779	0.9354235397280753	0.9179666433952903	0.8928571428571429	0.09863783954081835
ELTeC-por_cosine-d_1400	ELTeC-por	cosine-d	1400	1.0	0.9108406453439004	0.963359733976803	0.9687216911000626	0.9660332722246296	0.9642857142857143	0.03656139336735105
ELTeC-por_burrows-d_1400	ELTeC-por	burrows-d	1400	2.0	0.7546091924175539	0.9011493723880779	0.9354235397280753	0.9179666433952903	0.8928571428571429	0.09863783954081835
ELTeC-por_eders-d_1400	ELTeC-por	eders-d	1400	2.0	0.7546091924175539	0.9011493723880779	0.9354235397280753	0.9179666433952903	0.8928571428571429	0.09863783954081835
ELTeC-por_cosine-d_1600	ELTeC-por	cosine-d	1600	1.0	0.9108406453439004	0.963359733976803	0.9687216911000626	0.9660332722246296	0.9642857142857143	0.03656139336735105
ELTeC-por_burrows-d_1600	ELTeC-por	burrows-d	1600	2.0	0.7546091924175539	0.9011493723880779	0.9354235397280753	0.9179666433952903	0.8928571428571429	0.09863783954081835
ELTeC-por_eders-d_1600	ELTeC-por	eders-d	1600	2.0	0.7546091924175539	0.9011493723880779	0.9354235397280753	0.9179666433952903	0.8928571428571429	0.09863783954081835
ELTeC-por_cosine-d_1800	ELTeC-por	cosine-d	1800	1.0	0.9108406453439004	0.963359733976803	0.9687216911000626	0.9660332722246296	0.9642857142857143	0.03656139336735105
ELTeC-por_burrows-d_1800	ELTeC-por	burrows-d	1800	2.0	0.7546091924175539	0.9011493723880779	0.9354235397280753	0.9179666433952903	0.8928571428571429	0.09863783954081835
ELTeC-por_eders-d_1800	ELTeC-por	eders-d	1800	2.0	0.7546091924175539	0.9011493723880779	0.9354235397280753	0.9179666433952903	0.8928571428571429	0.09863783954081835
ELTeC-por_cosine-d_2000	ELTeC-por	cosine-d	2000	1.0	0.9108406453439004	0.963359733976803	0.9687216911000626	0.9660332722246296	0.9642857142857143	0.03656139336735105
ELTeC-por_burrows-d_2000	ELTeC-por	burrows-d	2000	2.0	0.7546091924175539	0.9011493723880779	0.9354235397280753	0.9179666433952903	0.8928571428571429	0.09863783954081835
ELTeC-por_eders-d_2000	ELTeC-por	eders-d	2000	2.0	0.7546091924175539	0.9011493723880779	0.9354235397280753	0.9179666433952903	0.8928571428571429	0.09863783954081835
ELTeC-por_cosine-d_2500	ELTeC-por	cosine-d	2500	1.0	0.9108406453439004	0.963359733976803	0.9687216911000626	0.9660332722246296	0.9642857142857143	0.03656139336735105
ELTeC-por_burrows-d_2500	ELTeC-por	burrows-d	2500	2.0	0.7546091924175539	0.9011493723880779	0.9354235397280753	0.9179666433952903	0.8928571428571429	0.09863783954081835
ELTeC-por_eders-d_2500	ELTeC-por	eders-d	2500	2.0	0.7546091924175539	0.9011493723880779	0.9354235397280753	0.9179666433952903	0.8928571428571429	0.09863783954081835
ELTeC-por_cosine-d_3000	ELTeC-por	cosine-d	3000	1.0	0.9108406453439004	0.963359733976803	0.9687216911000626	0.9660332722246296	0.9642857142857143	0.03656139336735105
ELTeC-por_burrows-d_3000	ELTeC-por	burrows-d	3000	2.0	0.7546091924175539	0.9011493723880779	0.9354235397280753	0.9179666433952903	0.8928571428571429	0.09863783954081835
ELTeC-por_eders-d_3000	ELTeC-por	eders-d	3000	2.0	0.7546091924175539	0.9011493723880779	0.9354235397280753	0.9179666433952903	0.8928571428571429	0.09863783954081835
ELTeC-por_cosine-d_3500	ELTeC-por	cosine-d	3500	1.0	0.9108406453439004	0.963359733976803	0.9687216911000626	0.9660332722246296	0.9642857142857143	0.03656139336735105
ELTeC-por_burrows-d_3500	ELTeC-por	burrows-d	3500	2.0	0.7546091924175539	0.9011493723880779	0.9354235397280753	0.9179666433952903	0.8928571428571429	0.09863783954081835
ELTeC-por_eders-d_3500	ELTeC-por	eders-d	3500	2.0	0.7546091924175539	0.9011493723880779	0.9354235397280753	0.9179666433952903	0.8928571428571429	0.09863783954081835
ELTeC-por_cosine-d_4000	ELTeC-por	cosine-d	4000	1.0	0.9108406453439004	0.9633597339768027	0.9687216911000623	0.9660332722246294	0.9642857142857143	0.03656139336735105
ELTeC-por_burrows-d_4000	ELTeC-por	burrows-d	4000	2.0	0.7546091924175539	0.9011493723880779	0.9354235397280753	0.9179666433952903	0.8928571428571429	0.09863783954081835
ELTeC-por_eders-d_4000	ELTeC-por	eders-d	4000	2.0	0.7546091924175539	0.901149372388078	0.9354235397280752	0.9179666433952903	0.8928571428571429	0.09863783954081835
ELTeC-por_cosine-d_4500	ELTeC-por	cosine-d	4500	1.0	0.9108406453439004	0.9633597339768027	0.9687216911000623	0.9660332722246294	0.9642857142857143	0.03656139336735105
ELTeC-por_burrows-d_4500	ELTeC-por	burrows-d	4500	2.0	0.7546091924175539	0.9011493723880779	0.9354235397280753	0.9179666433952903	0.8928571428571429	0.09863783954081835
ELTeC-por_eders-d_4500	ELTeC-por	eders-d	4500	2.0	0.7546091924175539	0.901149372388078	0.9354235397280752	0.9179666433952903	0.8928571428571429	0.09863783954081835
ELTeC-por_cosine-d_5000	ELTeC-por	cosine-d	5000	1.0	0.9108406453439004	0.9633597339768027	0.9687216911000623	0.9660332722246294	0.9642857142857143	0.03656139336735105
ELTeC-por_burrows-d_5000	ELTeC-por	burrows-d	5000	2.0	0.7546091924175539	0.9011493723880779	0.9354235397280753	0.9179666433952903	0.8928571428571429	0.09863783954081835
ELTeC-por_eders-d_5000	ELTeC-por	eders-d	5000	2.0	0.7546091924175539	0.901149372388078	0.9354235397280755	0.9179666433952903	0.8928571428571429	0.09863783954081835
ELTeC-hun_cosine-d_0010	ELTeC-hun	cosine-d	0010	5.0	0.6856581532416502	0.877366437319684	0.8849667897280409	0.8811502246378548	0.8484848484848485	0.12263356268031603
ELTeC-hun_burrows-d_0010	ELTeC-hun	burrows-d	0010	6.0	0.5842293906810035	0.827353790525098	0.8627991836533744	0.8447048118878749	0.7878787878787878	0.172646209474902
ELTeC-hun_eders-d_0010	ELTeC-hun	eders-d	0010	6.0	0.5143338954468802	0.8049717939253019	0.8534941180793983	0.8285231385969175	0.7575757575757576	0.19502820607469812
ELTeC-hun_cosine-d_0020	ELTeC-hun	cosine-d	0020	2.0	0.8707070707070707	0.9517369044037454	0.9517369044037454	0.9517369044037453	0.9393939393939394	0.04826309559625472
ELTeC-hun_burrows-d_0020	ELTeC-hun	burrows-d	0020	1.0	0.8382352941176471	0.9474427588512931	0.9751624269672717	0.9611027650907247	0.9090909090909091	0.05255724114870688
ELTeC-hun_eders-d_0020	ELTeC-hun	eders-d	0020	6.0	0.5842293906810035	0.8273537905250979	0.8627991836533743	0.8447048118878749	0.7878787878787878	0.17264620947490203
ELTeC-hun_cosine-d_0030	ELTeC-hun	cosine-d	0030	1.0	0.9203187250996016	0.9715743066494205	0.9757643809260153	0.9736648359117753	0.9696969696969697	0.028425693350579515
ELTeC-hun_burrows-d_0030	ELTeC-hun	burrows-d	0030	1.0	0.8776290630975143	0.9574745962198048	0.9754162624743244	0.9663621594131879	0.9393939393939394	0.04252540378019527
ELTeC-hun_eders-d_0030	ELTeC-hun	eders-d	0030	2.0	0.8037735849056604	0.9290489028692253	0.9506164912821754	0.9397089620557874	0.9090909090909091	0.07095109713077478
ELTeC-hun_cosine-d_0040	ELTeC-hun	cosine-d	0040	3.0	0.7674418604651163	0.9124045980854887	0.9264879171864576	0.9193923284706595	0.8787878787878788	0.08759540191451146
ELTeC-hun_burrows-d_0040	ELTeC-hun	burrows-d	0040	2.0	0.8037735849056604	0.9290489028692253	0.9506164912821754	0.9397089620557874	0.9090909090909091	0.07095109713077478
ELTeC-hun_eders-d_0040	ELTeC-hun	eders-d	0040	2.0	0.7562724014336918	0.9124045980854885	0.9497608841083358	0.930708045045792	0.8484848484848485	0.08759540191451146
ELTeC-hun_cosine-d_0050	ELTeC-hun	cosine-d	0050	3.0	0.7799607072691552	0.9190170655007136	0.9269782243392463	0.9229804780153835	0.8787878787878788	0.0809829344992864
ELTeC-hun_burrows-d_0050	ELTeC-hun	burrows-d	0050	2.0	0.7342657342657343	0.9049173550710979	0.949366255295664	0.9266090644742123	0.8484848484848485	0.09508264492890214
ELTeC-hun_eders-d_0050	ELTeC-hun	eders-d	0050	1.0	0.8776290630975143	0.9574745962198048	0.9754162624743244	0.9663621594131879	0.9393939393939394	0.04252540378019527
ELTeC-hun_cosine-d_0100	ELTeC-hun	cosine-d	0100	2.0	0.7676950998185118	0.9190170655007136	0.9501043259881182	0.9343021738075817	0.8787878787878788	0.0809829344992864
ELTeC-hun_burrows-d_0100	ELTeC-hun	burrows-d	0100	1.0	0.8382352941176471	0.9474427588512931	0.9751624269672715	0.9611027650907246	0.9090909090909091	0.05255724114870688
ELTeC-hun_eders-d_0100	ELTeC-hun	eders-d	0100	2.0	0.8037735849056604	0.9290489028692253	0.9506164912821754	0.9397089620557874	0.9090909090909091	0.07095109713077478
ELTeC-hun_cosine-d_0150	ELTeC-hun	cosine-d	0150	0.0	1.0	1.0	1.0	1.0	1.0	0.0
ELTeC-hun_burrows-d_0150	ELTeC-hun	burrows-d	0150	0.0	1.0	1.0	1.0	1.0	1.0	0.0
ELTeC-hun_eders-d_0150	ELTeC-hun	eders-d	0150	1.0	0.8382352941176471	0.9474427588512931	0.9751624269672717	0.9611027650907247	0.9090909090909091	0.05255724114870688
ELTeC-hun_cosine-d_0200	ELTeC-hun	cosine-d	0200	0.0	1.0	1.0	1.0	1.0	1.0	0.0
ELTeC-hun_burrows-d_0200	ELTeC-hun	burrows-d	0200	0.0	1.0	1.0	1.0	1.0	1.0	0.0
ELTeC-hun_eders-d_0200	ELTeC-hun	eders-d	0200	0.0	1.0	1.0	1.0	1.0	1.0	0.0
ELTeC-hun_cosine-d_0250	ELTeC-hun	cosine-d	0250	0.0	1.0	1.0	1.0	1.0	1.0	0.0
ELTeC-hun_burrows-d_0250	ELTeC-hun	burrows-d	0250	1.0	0.9203187250996016	0.9715743066494205	0.975764380926015	0.9736648359117752	0.9696969696969697	0.028425693350579515
ELTeC-hun_eders-d_0250	ELTeC-hun	eders-d	0250	1.0	0.9203187250996016	0.9715743066494205	0.975764380926015	0.9736648359117752	0.9696969696969697	0.028425693350579515
ELTeC-hun_cosine-d_0300	ELTeC-hun	cosine-d	0300	0.0	1.0	1.0	1.0	1.0	1.0	0.0
ELTeC-hun_burrows-d_0300	ELTeC-hun	burrows-d	0300	1.0	0.9203187250996016	0.9715743066494207	0.9757643809260153	0.9736648359117754	0.9696969696969697	0.028425693350579515
ELTeC-hun_eders-d_0300	ELTeC-hun	eders-d	0300	1.0	0.9203187250996016	0.9715743066494205	0.975764380926015	0.9736648359117752	0.9696969696969697	0.028425693350579515
ELTeC-hun_cosine-d_0350	ELTeC-hun	cosine-d	0350	0.0	1.0	1.0	1.0	1.0	1.0	0.0
ELTeC-hun_burrows-d_0350	ELTeC-hun	burrows-d	0350	1.0	0.9203187250996016	0.9715743066494207	0.9757643809260153	0.9736648359117754	0.9696969696969697	0.028425693350579515
ELTeC-hun_eders-d_0350	ELTeC-hun	eders-d	0350	1.0	0.9203187250996016	0.9715743066494205	0.975764380926015	0.9736648359117752	0.9696969696969697	0.028425693350579515
ELTeC-hun_cosine-d_0400	ELTeC-hun	cosine-d	0400	0.0	1.0	1.0	1.0	1.0	1.0	0.0
ELTeC-hun_burrows-d_0400	ELTeC-hun	burrows-d	0400	1.0	0.9203187250996016	0.9715743066494207	0.9757643809260153	0.9736648359117754	0.9696969696969697	0.028425693350579515
ELTeC-hun_eders-d_0400	ELTeC-hun	eders-d	0400	1.0	0.9203187250996016	0.9715743066494205	0.975764380926015	0.9736648359117752	0.9696969696969697	0.028425693350579515
ELTeC-hun_cosine-d_0450	ELTeC-hun	cosine-d	0450	0.0	1.0	1.0	1.0	1.0	1.0	0.0
ELTeC-hun_burrows-d_0450	ELTeC-hun	burrows-d	0450	1.0	0.9203187250996016	0.9715743066494207	0.9757643809260153	0.9736648359117754	0.9696969696969697	0.028425693350579515
ELTeC-hun_eders-d_0450	ELTeC-hun	eders-d	0450	1.0	0.9203187250996016	0.9715743066494205	0.975764380926015	0.9736648359117752	0.9696969696969697	0.028425693350579515
ELTeC-hun_cosine-d_0500	ELTeC-hun	cosine-d	0500	0.0	1.0	1.0	1.0	1.0	1.0	0.0
ELTeC-hun_burrows-d_0500	ELTeC-hun	burrows-d	0500	1.0	0.8382352941176471	0.9474427588512934	0.975162426967272	0.9611027650907249	0.9090909090909091	0.05255724114870688
ELTeC-hun_eders-d_0500	ELTeC-hun	eders-d	0500	1.0	0.9203187250996016	0.9715743066494205	0.975764380926015	0.9736648359117752	0.9696969696969697	0.028425693350579515
ELTeC-hun_cosine-d_0600	ELTeC-hun	cosine-d	0600	0.0	1.0	1.0	1.0	1.0	1.0	0.0
ELTeC-hun_burrows-d_0600	ELTeC-hun	burrows-d	0600	1.0	0.9203187250996016	0.9715743066494207	0.9757643809260153	0.9736648359117754	0.9696969696969697	0.028425693350579515
ELTeC-hun_eders-d_0600	ELTeC-hun	eders-d	0600	1.0	0.9203187250996016	0.9715743066494207	0.9757643809260153	0.9736648359117754	0.9696969696969697	0.028425693350579515
ELTeC-hun_cosine-d_0700	ELTeC-hun	cosine-d	0700	0.0	1.0	1.0	1.0	1.0	1.0	0.0
ELTeC-hun_burrows-d_0700	ELTeC-hun	burrows-d	0700	1.0	0.8382352941176471	0.9474427588512934	0.975162426967272	0.9611027650907249	0.9090909090909091	0.05255724114870688
ELTeC-hun_eders-d_0700	ELTeC-hun	eders-d	0700	1.0	0.9203187250996016	0.9715743066494207	0.9757643809260153	0.9736648359117754	0.9696969696969697	0.028425693350579515
ELTeC-hun_cosine-d_0800	ELTeC-hun	cosine-d	0800	0.0	1.0	1.0	1.0	1.0	1.0	0.0
ELTeC-hun_burrows-d_0800	ELTeC-hun	burrows-d	0800	1.0	0.8382352941176471	0.9474427588512934	0.975162426967272	0.9611027650907249	0.9090909090909091	0.05255724114870688
ELTeC-hun_eders-d_0800	ELTeC-hun	eders-d	0800	1.0	0.9203187250996016	0.9715743066494207	0.9757643809260153	0.9736648359117754	0.9696969696969697	0.028425693350579515
ELTeC-hun_cosine-d_0900	ELTeC-hun	cosine-d	0900	0.0	1.0	1.0	1.0	1.0	1.0	0.0
ELTeC-hun_burrows-d_0900	ELTeC-hun	burrows-d	0900	1.0	0.8382352941176471	0.9474427588512934	0.975162426967272	0.9611027650907249	0.9090909090909091	0.05255724114870688
ELTeC-hun_eders-d_0900	ELTeC-hun	eders-d	0900	1.0	0.9203187250996016	0.9715743066494207	0.9757643809260153	0.9736648359117754	0.9696969696969697	0.028425693350579515
ELTeC-hun_cosine-d_1000	ELTeC-hun	cosine-d	1000	0.0	1.0	1.0	1.0	1.0	1.0	0.0
ELTeC-hun_burrows-d_1000	ELTeC-hun	burrows-d	1000	1.0	0.8382352941176471	0.9474427588512934	0.975162426967272	0.9611027650907249	0.9090909090909091	0.05255724114870688
ELTeC-hun_eders-d_1000	ELTeC-hun	eders-d	1000	1.0	0.8382352941176471	0.9474427588512934	0.975162426967272	0.9611027650907249	0.9090909090909091	0.05255724114870688
ELTeC-hun_cosine-d_1200	ELTeC-hun	cosine-d	1200	0.0	1.0	1.0	1.0	1.0	1.0	0.0
ELTeC-hun_burrows-d_1200	ELTeC-hun	burrows-d	1200	1.0	0.8382352941176471	0.9474427588512934	0.975162426967272	0.9611027650907249	0.9090909090909091	0.05255724114870688
ELTeC-hun_eders-d_1200	ELTeC-hun	eders-d	1200	1.0	0.8382352941176471	0.9474427588512934	0.975162426967272	0.9611027650907249	0.9090909090909091	0.05255724114870688
ELTeC-hun_cosine-d_1400	ELTeC-hun	cosine-d	1400	0.0	1.0	1.0	1.0	1.0	1.0	0.0
ELTeC-hun_burrows-d_1400	ELTeC-hun	burrows-d	1400	1.0	0.8382352941176471	0.9474427588512934	0.975162426967272	0.9611027650907249	0.9090909090909091	0.05255724114870688
ELTeC-hun_eders-d_1400	ELTeC-hun	eders-d	1400	1.0	0.8382352941176471	0.9474427588512934	0.975162426967272	0.9611027650907249	0.9090909090909091	0.05255724114870688
ELTeC-hun_cosine-d_1600	ELTeC-hun	cosine-d	1600	0.0	1.0	1.0	1.0	1.0	1.0	0.0
ELTeC-hun_burrows-d_1600	ELTeC-hun	burrows-d	1600	1.0	0.8382352941176471	0.9474427588512931	0.9751624269672717	0.9611027650907247	0.9090909090909091	0.05255724114870688
ELTeC-hun_eders-d_1600	ELTeC-hun	eders-d	1600	1.0	0.8382352941176471	0.9474427588512934	0.975162426967272	0.9611027650907249	0.9090909090909091	0.05255724114870688
ELTeC-hun_cosine-d_1800	ELTeC-hun	cosine-d	1800	0.0	1.0	1.0	1.0	1.0	1.0	0.0
ELTeC-hun_burrows-d_1800	ELTeC-hun	burrows-d	1800	1.0	0.8382352941176471	0.9474427588512934	0.975162426967272	0.9611027650907249	0.9090909090909091	0.05255724114870688
ELTeC-hun_eders-d_1800	ELTeC-hun	eders-d	1800	1.0	0.8382352941176471	0.9474427588512934	0.975162426967272	0.9611027650907249	0.9090909090909091	0.05255724114870688
ELTeC-hun_cosine-d_2000	ELTeC-hun	cosine-d	2000	0.0	1.0	1.0	1.0	1.0	1.0	0.0
ELTeC-hun_burrows-d_2000	ELTeC-hun	burrows-d	2000	1.0	0.8382352941176471	0.9474427588512934	0.975162426967272	0.9611027650907249	0.9090909090909091	0.05255724114870688
ELTeC-hun_eders-d_2000	ELTeC-hun	eders-d	2000	1.0	0.8382352941176471	0.9474427588512934	0.975162426967272	0.9611027650907249	0.9090909090909091	0.05255724114870688
ELTeC-hun_cosine-d_2500	ELTeC-hun	cosine-d	2500	0.0	1.0	1.0	1.0	1.0	1.0	0.0
ELTeC-hun_burrows-d_2500	ELTeC-hun	burrows-d	2500	1.0	0.8382352941176471	0.9474427588512934	0.975162426967272	0.9611027650907249	0.9090909090909091	0.05255724114870688
ELTeC-hun_eders-d_2500	ELTeC-hun	eders-d	2500	1.0	0.8382352941176471	0.9474427588512934	0.975162426967272	0.9611027650907249	0.9090909090909091	0.05255724114870688
ELTeC-hun_cosine-d_3000	ELTeC-hun	cosine-d	3000	0.0	1.0	1.0	1.0	1.0	1.0	0.0
ELTeC-hun_burrows-d_3000	ELTeC-hun	burrows-d	3000	1.0	0.9203187250996016	0.9715743066494207	0.9757643809260153	0.9736648359117754	0.9696969696969697	0.028425693350579515
ELTeC-hun_eders-d_3000	ELTeC-hun	eders-d	3000	1.0	0.8382352941176471	0.9474427588512934	0.975162426967272	0.9611027650907249	0.9090909090909091	0.05255724114870688
ELTeC-hun_cosine-d_3500	ELTeC-hun	cosine-d	3500	0.0	1.0	1.0	1.0	1.0	1.0	0.0
ELTeC-hun_burrows-d_3500	ELTeC-hun	burrows-d	3500	1.0	0.9203187250996016	0.9715743066494205	0.9757643809260153	0.9736648359117753	0.9696969696969697	0.028425693350579515
ELTeC-hun_eders-d_3500	ELTeC-hun	eders-d	3500	1.0	0.8382352941176471	0.9474427588512934	0.975162426967272	0.9611027650907249	0.9090909090909091	0.05255724114870688
ELTeC-hun_cosine-d_4000	ELTeC-hun	cosine-d	4000	0.0	1.0	1.0	1.0	1.0	1.0	0.0
ELTeC-hun_burrows-d_4000	ELTeC-hun	burrows-d	4000	1.0	0.8382352941176471	0.9474427588512931	0.9751624269672717	0.9611027650907247	0.9090909090909091	0.05255724114870688
ELTeC-hun_eders-d_4000	ELTeC-hun	eders-d	4000	1.0	0.8382352941176471	0.9474427588512934	0.975162426967272	0.9611027650907249	0.9090909090909091	0.05255724114870688
ELTeC-hun_cosine-d_4500	ELTeC-hun	cosine-d	4500	0.0	1.0	1.0	1.0	1.0	1.0	0.0
ELTeC-hun_burrows-d_4500	ELTeC-hun	burrows-d	4500	1.0	0.8382352941176471	0.9474427588512931	0.9751624269672717	0.9611027650907247	0.9090909090909091	0.05255724114870688
ELTeC-hun_eders-d_4500	ELTeC-hun	eders-d	4500	1.0	0.8382352941176471	0.9474427588512934	0.975162426967272	0.9611027650907249	0.9090909090909091	0.05255724114870688
ELTeC-hun_cosine-d_5000	ELTeC-hun	cosine-d	5000	0.0	1.0	1.0	1.0	1.0	1.0	0.0
ELTeC-hun_burrows-d_5000	ELTeC-hun	burrows-d	5000	1.0	0.9203187250996016	0.9715743066494205	0.9757643809260153	0.9736648359117753	0.9696969696969697	0.028425693350579515
ELTeC-hun_eders-d_5000	ELTeC-hun	eders-d	5000	1.0	0.8382352941176471	0.9474427588512934	0.975162426967272	0.9611027650907249	0.9090909090909091	0.05255724114870688
